-------------------------------------------------------------------------------------------------------------------------------------------------------
--ori14_ambitos_horas----------------------------------------------------------------------------------------------------------------------------------
-------------------------------------------------------------------------------------------------------------------------------------------------------

insert into ori14_ambitos_horas (ori_amb_cod, ori_amb_terhis, ori_amb_ambito, ori_amb_horastot, ori_amb_anoconv) values (1,1,'LLODIO',3,2014) ;
insert into ori14_ambitos_horas (ori_amb_cod, ori_amb_terhis, ori_amb_ambito, ori_amb_horastot, ori_amb_anoconv) values (2,1,'VITORIA-GASTEIZ',17,2014) ;
insert into ori14_ambitos_horas (ori_amb_cod, ori_amb_terhis, ori_amb_ambito, ori_amb_horastot, ori_amb_anoconv) values (3,48,'BARAKALDO',8,2014) ;
insert into ori14_ambitos_horas (ori_amb_cod, ori_amb_terhis, ori_amb_ambito, ori_amb_horastot, ori_amb_anoconv) values (4,48,'BASAURI-ARRATIA NERBIOI',2,2014) ;
insert into ori14_ambitos_horas (ori_amb_cod, ori_amb_terhis, ori_amb_ambito, ori_amb_horastot, ori_amb_anoconv) values (5,48,'BASAURI-IBAIZABAL',5,2014) ;
insert into ori14_ambitos_horas (ori_amb_cod, ori_amb_terhis, ori_amb_ambito, ori_amb_horastot, ori_amb_anoconv) values (6,48,'BILBAO',26,2014) ;
insert into ori14_ambitos_horas (ori_amb_cod, ori_amb_terhis, ori_amb_ambito, ori_amb_horastot, ori_amb_anoconv) values (7,48,'DURANGO',4,2014) ;
insert into ori14_ambitos_horas (ori_amb_cod, ori_amb_terhis, ori_amb_ambito, ori_amb_horastot, ori_amb_anoconv) values (8,48,'ARRATIA-ZORNOTZA',1,2014) ;
insert into ori14_ambitos_horas (ori_amb_cod, ori_amb_terhis, ori_amb_ambito, ori_amb_horastot, ori_amb_anoconv) values (9,48,'ERANDIO ',2,2014) ;
insert into ori14_ambitos_horas (ori_amb_cod, ori_amb_terhis, ori_amb_ambito, ori_amb_horastot, ori_amb_anoconv) values (10,48,'RESTO TXORIERRI ',1,2014) ;
insert into ori14_ambitos_horas (ori_amb_cod, ori_amb_terhis, ori_amb_ambito, ori_amb_horastot, ori_amb_anoconv) values (11,48,'BUSTURIALDEA BERMEO',1,2014) ;
insert into ori14_ambitos_horas (ori_amb_cod, ori_amb_terhis, ori_amb_ambito, ori_amb_horastot, ori_amb_anoconv) values (12,48,'BUSTURIALDEA GERNIKA',1,2014) ;
insert into ori14_ambitos_horas (ori_amb_cod, ori_amb_terhis, ori_amb_ambito, ori_amb_horastot, ori_amb_anoconv) values (13,48,'GETXO',7,2014) ;
insert into ori14_ambitos_horas (ori_amb_cod, ori_amb_terhis, ori_amb_ambito, ori_amb_horastot, ori_amb_anoconv) values (14,48,'MUNGIA',1,2014) ;
insert into ori14_ambitos_horas (ori_amb_cod, ori_amb_terhis, ori_amb_ambito, ori_amb_horastot, ori_amb_anoconv) values (15,48,'URIBE KOSTA',2,2014) ;
insert into ori14_ambitos_horas (ori_amb_cod, ori_amb_terhis, ori_amb_ambito, ori_amb_horastot, ori_amb_anoconv) values (16,48,'ONDARROA ',2,2014) ;
insert into ori14_ambitos_horas (ori_amb_cod, ori_amb_terhis, ori_amb_ambito, ori_amb_horastot, ori_amb_anoconv) values (17,48,'PORTUGALETE',7,2014) ;
insert into ori14_ambitos_horas (ori_amb_cod, ori_amb_terhis, ori_amb_ambito, ori_amb_horastot, ori_amb_anoconv) values (18,48,'SANTURTZI',5,2014) ;
insert into ori14_ambitos_horas (ori_amb_cod, ori_amb_terhis, ori_amb_ambito, ori_amb_horastot, ori_amb_anoconv) values (19,48,'SESTAO',5,2014) ;
insert into ori14_ambitos_horas (ori_amb_cod, ori_amb_terhis, ori_amb_ambito, ori_amb_horastot, ori_amb_anoconv) values (20,48,'ENCARTACIONES BALMASEDA',1,2014) ;
insert into ori14_ambitos_horas (ori_amb_cod, ori_amb_terhis, ori_amb_ambito, ori_amb_horastot, ori_amb_anoconv) values (21,48,'ENCARTACIONES ZALLA',1,2014) ;
insert into ori14_ambitos_horas (ori_amb_cod, ori_amb_terhis, ori_amb_ambito, ori_amb_horastot, ori_amb_anoconv) values (22,20,'ARRASATE-MONDRAGON',4,2014) ;
insert into ori14_ambitos_horas (ori_amb_cod, ori_amb_terhis, ori_amb_ambito, ori_amb_horastot, ori_amb_anoconv) values (23,20,'AZPEITIA',2,2014) ;
insert into ori14_ambitos_horas (ori_amb_cod, ori_amb_terhis, ori_amb_ambito, ori_amb_horastot, ori_amb_anoconv) values (24,20,'BEASAIN',3,2014) ;
insert into ori14_ambitos_horas (ori_amb_cod, ori_amb_terhis, ori_amb_ambito, ori_amb_horastot, ori_amb_anoconv) values (25,20,'DONOSTIA /SAN SEBASTIÁN',12,2014) ;
insert into ori14_ambitos_horas (ori_amb_cod, ori_amb_terhis, ori_amb_ambito, ori_amb_horastot, ori_amb_anoconv) values (26,20,'EIBAR-ERMUA',4,2014) ;
insert into ori14_ambitos_horas (ori_amb_cod, ori_amb_terhis, ori_amb_ambito, ori_amb_horastot, ori_amb_anoconv) values (27,20,'ELGOIBAR',1,2014) ;
insert into ori14_ambitos_horas (ori_amb_cod, ori_amb_terhis, ori_amb_ambito, ori_amb_horastot, ori_amb_anoconv) values (28,20,'ERRENTERIA',5,2014) ;
insert into ori14_ambitos_horas (ori_amb_cod, ori_amb_terhis, ori_amb_ambito, ori_amb_horastot, ori_amb_anoconv) values (29,20,'IRUN',6,2014) ;
insert into ori14_ambitos_horas (ori_amb_cod, ori_amb_terhis, ori_amb_ambito, ori_amb_horastot, ori_amb_anoconv) values (30,20,'TOLOSA',3,2014) ;
insert into ori14_ambitos_horas (ori_amb_cod, ori_amb_terhis, ori_amb_ambito, ori_amb_horastot, ori_amb_anoconv) values (31,20,'ZARAUTZ',3,2014) ;
insert into ori14_ambitos_horas (ori_amb_cod, ori_amb_terhis, ori_amb_ambito, ori_amb_horastot, ori_amb_anoconv) values (32,20,'ZUMARRAGA',2,2014) ;
insert into ori14_ambitos_horas (ori_amb_cod, ori_amb_terhis, ori_amb_ambito, ori_amb_horastot, ori_amb_anoconv) values (33,20,'LASARTE',1,2014) ;


-------------------------------------------------------------------------------------------------------------------------------------------------------
--ori14_ubicaciones -----------------------------------------------------------------------------------------------------------------------------------
-------------------------------------------------------------------------------------------------------------------------------------------------------

INSERT INTO ORI14_UBICACIONES (ORI_UBI_COD,ORI_UBIC_ANO,ORI_UBIC_PUNTUACION,ORI_AMB_COD,MUN_PAI,MUN_PRV,MUN_COD,PRV_PAI) VALUES (1,2014,0.67,1,108,1,4,108);
INSERT INTO ORI14_UBICACIONES (ORI_UBI_COD,ORI_UBIC_ANO,ORI_UBIC_PUNTUACION,ORI_AMB_COD,MUN_PAI,MUN_PRV,MUN_COD,PRV_PAI) VALUES (2,2014,10,1,108,1,36,108);
INSERT INTO ORI14_UBICACIONES (ORI_UBI_COD,ORI_UBIC_ANO,ORI_UBIC_PUNTUACION,ORI_AMB_COD,MUN_PAI,MUN_PRV,MUN_COD,PRV_PAI) VALUES (3,2014,0.43,1,108,1,42,108);
INSERT INTO ORI14_UBICACIONES (ORI_UBI_COD,ORI_UBIC_ANO,ORI_UBIC_PUNTUACION,ORI_AMB_COD,MUN_PAI,MUN_PRV,MUN_COD,PRV_PAI) VALUES (4,2014,10,2,108,1,59,108);
INSERT INTO ORI14_UBICACIONES (ORI_UBI_COD,ORI_UBIC_ANO,ORI_UBIC_PUNTUACION,ORI_AMB_COD,MUN_PAI,MUN_PRV,MUN_COD,PRV_PAI) VALUES (5,2014,0.01,2,108,1,3,108);
INSERT INTO ORI14_UBICACIONES (ORI_UBI_COD,ORI_UBIC_ANO,ORI_UBIC_PUNTUACION,ORI_AMB_COD,MUN_PAI,MUN_PRV,MUN_COD,PRV_PAI) VALUES (6,2014,0.03,2,108,1,18,108);
INSERT INTO ORI14_UBICACIONES (ORI_UBI_COD,ORI_UBIC_ANO,ORI_UBIC_PUNTUACION,ORI_AMB_COD,MUN_PAI,MUN_PRV,MUN_COD,PRV_PAI) VALUES (7,2014,0.03,2,108,1,54,108);
INSERT INTO ORI14_UBICACIONES (ORI_UBI_COD,ORI_UBIC_ANO,ORI_UBIC_PUNTUACION,ORI_AMB_COD,MUN_PAI,MUN_PRV,MUN_COD,PRV_PAI) VALUES (8,2014,0.05,2,108,1,58,108);
INSERT INTO ORI14_UBICACIONES (ORI_UBI_COD,ORI_UBIC_ANO,ORI_UBIC_PUNTUACION,ORI_AMB_COD,MUN_PAI,MUN_PRV,MUN_COD,PRV_PAI) VALUES (9,2014,0.04,2,108,1,63,108);
INSERT INTO ORI14_UBICACIONES (ORI_UBI_COD,ORI_UBIC_ANO,ORI_UBIC_PUNTUACION,ORI_AMB_COD,MUN_PAI,MUN_PRV,MUN_COD,PRV_PAI) VALUES (10,2014,0.01,2,108,1,6,108);
--INSERT INTO ORI14_UBICACIONES (ORI_UBI_COD,ORI_UBIC_ANO,ORI_UBIC_PUNTUACION,ORI_AMB_COD,MUN_PAI,MUN_PRV,MUN_COD,PRV_PAI) VALUES (11,2014,0.01,2,108,1,#N/A,108);
INSERT INTO ORI14_UBICACIONES (ORI_UBI_COD,ORI_UBIC_ANO,ORI_UBIC_PUNTUACION,ORI_AMB_COD,MUN_PAI,MUN_PRV,MUN_COD,PRV_PAI) VALUES (12,2014,0.01,2,108,1,20,108);
INSERT INTO ORI14_UBICACIONES (ORI_UBI_COD,ORI_UBIC_ANO,ORI_UBIC_PUNTUACION,ORI_AMB_COD,MUN_PAI,MUN_PRV,MUN_COD,PRV_PAI) VALUES (13,2014,0.02,2,108,1,46,108);
INSERT INTO ORI14_UBICACIONES (ORI_UBI_COD,ORI_UBIC_ANO,ORI_UBIC_PUNTUACION,ORI_AMB_COD,MUN_PAI,MUN_PRV,MUN_COD,PRV_PAI) VALUES (14,2014,0.04,2,108,1,47,108);
INSERT INTO ORI14_UBICACIONES (ORI_UBI_COD,ORI_UBIC_ANO,ORI_UBIC_PUNTUACION,ORI_AMB_COD,MUN_PAI,MUN_PRV,MUN_COD,PRV_PAI) VALUES (15,2014,0,2,108,1,49,108);
INSERT INTO ORI14_UBICACIONES (ORI_UBI_COD,ORI_UBIC_ANO,ORI_UBIC_PUNTUACION,ORI_AMB_COD,MUN_PAI,MUN_PRV,MUN_COD,PRV_PAI) VALUES (16,2014,0.03,2,108,1,55,108);
INSERT INTO ORI14_UBICACIONES (ORI_UBI_COD,ORI_UBIC_ANO,ORI_UBIC_PUNTUACION,ORI_AMB_COD,MUN_PAI,MUN_PRV,MUN_COD,PRV_PAI) VALUES (17,2014,0.01,2,108,1,62,108);
INSERT INTO ORI14_UBICACIONES (ORI_UBI_COD,ORI_UBIC_ANO,ORI_UBIC_PUNTUACION,ORI_AMB_COD,MUN_PAI,MUN_PRV,MUN_COD,PRV_PAI) VALUES (18,2014,0.11,2,108,1,901,108);
INSERT INTO ORI14_UBICACIONES (ORI_UBI_COD,ORI_UBIC_ANO,ORI_UBIC_PUNTUACION,ORI_AMB_COD,MUN_PAI,MUN_PRV,MUN_COD,PRV_PAI) VALUES (19,2014,0.03,2,108,1,902,108);
INSERT INTO ORI14_UBICACIONES (ORI_UBI_COD,ORI_UBIC_ANO,ORI_UBIC_PUNTUACION,ORI_AMB_COD,MUN_PAI,MUN_PRV,MUN_COD,PRV_PAI) VALUES (20,2014,0.01,2,108,1,16,108);
INSERT INTO ORI14_UBICACIONES (ORI_UBI_COD,ORI_UBIC_ANO,ORI_UBIC_PUNTUACION,ORI_AMB_COD,MUN_PAI,MUN_PRV,MUN_COD,PRV_PAI) VALUES (21,2014,0.03,2,108,1,17,108);
INSERT INTO ORI14_UBICACIONES (ORI_UBI_COD,ORI_UBIC_ANO,ORI_UBIC_PUNTUACION,ORI_AMB_COD,MUN_PAI,MUN_PRV,MUN_COD,PRV_PAI) VALUES (22,2014,0,2,108,1,30,108);
INSERT INTO ORI14_UBICACIONES (ORI_UBI_COD,ORI_UBIC_ANO,ORI_UBIC_PUNTUACION,ORI_AMB_COD,MUN_PAI,MUN_PRV,MUN_COD,PRV_PAI) VALUES (23,2014,0.02,2,108,1,37,108);
INSERT INTO ORI14_UBICACIONES (ORI_UBI_COD,ORI_UBIC_ANO,ORI_UBIC_PUNTUACION,ORI_AMB_COD,MUN_PAI,MUN_PRV,MUN_COD,PRV_PAI) VALUES (24,2014,0,2,108,1,44,108);
INSERT INTO ORI14_UBICACIONES (ORI_UBI_COD,ORI_UBIC_ANO,ORI_UBIC_PUNTUACION,ORI_AMB_COD,MUN_PAI,MUN_PRV,MUN_COD,PRV_PAI) VALUES (25,2014,0.01,2,108,1,56,108);
INSERT INTO ORI14_UBICACIONES (ORI_UBI_COD,ORI_UBIC_ANO,ORI_UBIC_PUNTUACION,ORI_AMB_COD,MUN_PAI,MUN_PRV,MUN_COD,PRV_PAI) VALUES (26,2014,0.02,2,108,1,8,108);
INSERT INTO ORI14_UBICACIONES (ORI_UBI_COD,ORI_UBIC_ANO,ORI_UBIC_PUNTUACION,ORI_AMB_COD,MUN_PAI,MUN_PRV,MUN_COD,PRV_PAI) VALUES (27,2014,10,3,108,48,13,108);
INSERT INTO ORI14_UBICACIONES (ORI_UBI_COD,ORI_UBIC_ANO,ORI_UBIC_PUNTUACION,ORI_AMB_COD,MUN_PAI,MUN_PRV,MUN_COD,PRV_PAI) VALUES (28,2014,0.06,4,108,48,5,108);
INSERT INTO ORI14_UBICACIONES (ORI_UBI_COD,ORI_UBIC_ANO,ORI_UBIC_PUNTUACION,ORI_AMB_COD,MUN_PAI,MUN_PRV,MUN_COD,PRV_PAI) VALUES (29,2014,0.46,4,108,48,9,108);
INSERT INTO ORI14_UBICACIONES (ORI_UBI_COD,ORI_UBIC_ANO,ORI_UBIC_PUNTUACION,ORI_AMB_COD,MUN_PAI,MUN_PRV,MUN_COD,PRV_PAI) VALUES (30,2014,10,4,108,48,11,108);
INSERT INTO ORI14_UBICACIONES (ORI_UBI_COD,ORI_UBIC_ANO,ORI_UBIC_PUNTUACION,ORI_AMB_COD,MUN_PAI,MUN_PRV,MUN_COD,PRV_PAI) VALUES (31,2014,0.55,4,108,48,25,108);
INSERT INTO ORI14_UBICACIONES (ORI_UBI_COD,ORI_UBIC_ANO,ORI_UBIC_PUNTUACION,ORI_AMB_COD,MUN_PAI,MUN_PRV,MUN_COD,PRV_PAI) VALUES (32,2014,3.16,4,108,48,65,108);
INSERT INTO ORI14_UBICACIONES (ORI_UBI_COD,ORI_UBIC_ANO,ORI_UBIC_PUNTUACION,ORI_AMB_COD,MUN_PAI,MUN_PRV,MUN_COD,PRV_PAI) VALUES (33,2014,0.89,4,108,48,75,108);
INSERT INTO ORI14_UBICACIONES (ORI_UBI_COD,ORI_UBIC_ANO,ORI_UBIC_PUNTUACION,ORI_AMB_COD,MUN_PAI,MUN_PRV,MUN_COD,PRV_PAI) VALUES (34,2014,2.82,4,108,48,912,108);
INSERT INTO ORI14_UBICACIONES (ORI_UBI_COD,ORI_UBIC_ANO,ORI_UBIC_PUNTUACION,ORI_AMB_COD,MUN_PAI,MUN_PRV,MUN_COD,PRV_PAI) VALUES (35,2014,10,5,108,48,15,108);
INSERT INTO ORI14_UBICACIONES (ORI_UBI_COD,ORI_UBIC_ANO,ORI_UBIC_PUNTUACION,ORI_AMB_COD,MUN_PAI,MUN_PRV,MUN_COD,PRV_PAI) VALUES (36,2014,2.18,5,108,48,29,108);
INSERT INTO ORI14_UBICACIONES (ORI_UBI_COD,ORI_UBIC_ANO,ORI_UBIC_PUNTUACION,ORI_AMB_COD,MUN_PAI,MUN_PRV,MUN_COD,PRV_PAI) VALUES (37,2014,5.56,5,108,48,36,108);
INSERT INTO ORI14_UBICACIONES (ORI_UBI_COD,ORI_UBIC_ANO,ORI_UBIC_PUNTUACION,ORI_AMB_COD,MUN_PAI,MUN_PRV,MUN_COD,PRV_PAI) VALUES (38,2014,0.35,5,108,48,97,108);
INSERT INTO ORI14_UBICACIONES (ORI_UBI_COD,ORI_UBIC_ANO,ORI_UBIC_PUNTUACION,ORI_AMB_COD,MUN_PAI,MUN_PRV,MUN_COD,PRV_PAI) VALUES (39,2014,10,6,108,48,20,108);
INSERT INTO ORI14_UBICACIONES (ORI_UBI_COD,ORI_UBIC_ANO,ORI_UBIC_PUNTUACION,ORI_AMB_COD,MUN_PAI,MUN_PRV,MUN_COD,PRV_PAI) VALUES (40,2014,0,0,108,48,0,108);
INSERT INTO ORI14_UBICACIONES (ORI_UBI_COD,ORI_UBIC_ANO,ORI_UBIC_PUNTUACION,ORI_AMB_COD,MUN_PAI,MUN_PRV,MUN_COD,PRV_PAI) VALUES (41,2014,2.44,7,108,48,1,108);
INSERT INTO ORI14_UBICACIONES (ORI_UBI_COD,ORI_UBIC_ANO,ORI_UBIC_PUNTUACION,ORI_AMB_COD,MUN_PAI,MUN_PRV,MUN_COD,PRV_PAI) VALUES (42,2014,1.68,7,108,48,19,108);
INSERT INTO ORI14_UBICACIONES (ORI_UBI_COD,ORI_UBIC_ANO,ORI_UBIC_PUNTUACION,ORI_AMB_COD,MUN_PAI,MUN_PRV,MUN_COD,PRV_PAI) VALUES (43,2014,10,7,108,48,27,108);
INSERT INTO ORI14_UBICACIONES (ORI_UBI_COD,ORI_UBIC_ANO,ORI_UBIC_PUNTUACION,ORI_AMB_COD,MUN_PAI,MUN_PRV,MUN_COD,PRV_PAI) VALUES (44,2014,2.01,7,108,48,32,108);
INSERT INTO ORI14_UBICACIONES (ORI_UBI_COD,ORI_UBIC_ANO,ORI_UBIC_PUNTUACION,ORI_AMB_COD,MUN_PAI,MUN_PRV,MUN_COD,PRV_PAI) VALUES (45,2014,0.05,7,108,48,39,108);
INSERT INTO ORI14_UBICACIONES (ORI_UBI_COD,ORI_UBIC_ANO,ORI_UBIC_PUNTUACION,ORI_AMB_COD,MUN_PAI,MUN_PRV,MUN_COD,PRV_PAI) VALUES (46,2014,0.09,7,108,48,50,108);
INSERT INTO ORI14_UBICACIONES (ORI_UBI_COD,ORI_UBIC_ANO,ORI_UBIC_PUNTUACION,ORI_AMB_COD,MUN_PAI,MUN_PRV,MUN_COD,PRV_PAI) VALUES (47,2014,0.1,7,108,48,59,108);
INSERT INTO ORI14_UBICACIONES (ORI_UBI_COD,ORI_UBIC_ANO,ORI_UBIC_PUNTUACION,ORI_AMB_COD,MUN_PAI,MUN_PRV,MUN_COD,PRV_PAI) VALUES (48,2014,0.38,7,108,48,91,108);
INSERT INTO ORI14_UBICACIONES (ORI_UBI_COD,ORI_UBIC_ANO,ORI_UBIC_PUNTUACION,ORI_AMB_COD,MUN_PAI,MUN_PRV,MUN_COD,PRV_PAI) VALUES (49,2014,1.04,7,108,48,95,108);
INSERT INTO ORI14_UBICACIONES (ORI_UBI_COD,ORI_UBIC_ANO,ORI_UBIC_PUNTUACION,ORI_AMB_COD,MUN_PAI,MUN_PRV,MUN_COD,PRV_PAI) VALUES (50,2014,1.42,7,108,48,910,108);
INSERT INTO ORI14_UBICACIONES (ORI_UBI_COD,ORI_UBIC_ANO,ORI_UBIC_PUNTUACION,ORI_AMB_COD,MUN_PAI,MUN_PRV,MUN_COD,PRV_PAI) VALUES (51,2014,6.42,7,108,48,3,108);
INSERT INTO ORI14_UBICACIONES (ORI_UBI_COD,ORI_UBIC_ANO,ORI_UBIC_PUNTUACION,ORI_AMB_COD,MUN_PAI,MUN_PRV,MUN_COD,PRV_PAI) VALUES (52,2014,1.8,8,108,48,24,108);
INSERT INTO ORI14_UBICACIONES (ORI_UBI_COD,ORI_UBIC_ANO,ORI_UBIC_PUNTUACION,ORI_AMB_COD,MUN_PAI,MUN_PRV,MUN_COD,PRV_PAI) VALUES (53,2014,2.06,8,108,48,26,108);
INSERT INTO ORI14_UBICACIONES (ORI_UBI_COD,ORI_UBIC_ANO,ORI_UBIC_PUNTUACION,ORI_AMB_COD,MUN_PAI,MUN_PRV,MUN_COD,PRV_PAI) VALUES (54,2014,9.09,8,108,48,55,108);
INSERT INTO ORI14_UBICACIONES (ORI_UBI_COD,ORI_UBIC_ANO,ORI_UBIC_PUNTUACION,ORI_AMB_COD,MUN_PAI,MUN_PRV,MUN_COD,PRV_PAI) VALUES (55,2014,1.98,8,108,48,72,108);
INSERT INTO ORI14_UBICACIONES (ORI_UBI_COD,ORI_UBIC_ANO,ORI_UBIC_PUNTUACION,ORI_AMB_COD,MUN_PAI,MUN_PRV,MUN_COD,PRV_PAI) VALUES (56,2014,0.18,8,108,48,88,108);
INSERT INTO ORI14_UBICACIONES (ORI_UBI_COD,ORI_UBIC_ANO,ORI_UBIC_PUNTUACION,ORI_AMB_COD,MUN_PAI,MUN_PRV,MUN_COD,PRV_PAI) VALUES (57,2014,2.33,8,108,48,92,108);
INSERT INTO ORI14_UBICACIONES (ORI_UBI_COD,ORI_UBIC_ANO,ORI_UBIC_PUNTUACION,ORI_AMB_COD,MUN_PAI,MUN_PRV,MUN_COD,PRV_PAI) VALUES (58,2014,2.57,8,108,48,93,108);
INSERT INTO ORI14_UBICACIONES (ORI_UBI_COD,ORI_UBIC_ANO,ORI_UBIC_PUNTUACION,ORI_AMB_COD,MUN_PAI,MUN_PRV,MUN_COD,PRV_PAI) VALUES (59,2014,10,8,108,48,94,108);
INSERT INTO ORI14_UBICACIONES (ORI_UBI_COD,ORI_UBIC_ANO,ORI_UBIC_PUNTUACION,ORI_AMB_COD,MUN_PAI,MUN_PRV,MUN_COD,PRV_PAI) VALUES (60,2014,10,9,108,48,902,108);
INSERT INTO ORI14_UBICACIONES (ORI_UBI_COD,ORI_UBIC_ANO,ORI_UBIC_PUNTUACION,ORI_AMB_COD,MUN_PAI,MUN_PRV,MUN_COD,PRV_PAI) VALUES (61,2014,3.12,10,108,48,52,108);
INSERT INTO ORI14_UBICACIONES (ORI_UBI_COD,ORI_UBIC_ANO,ORI_UBIC_PUNTUACION,ORI_AMB_COD,MUN_PAI,MUN_PRV,MUN_COD,PRV_PAI) VALUES (62,2014,3.89,10,108,48,81,108);
INSERT INTO ORI14_UBICACIONES (ORI_UBI_COD,ORI_UBIC_ANO,ORI_UBIC_PUNTUACION,ORI_AMB_COD,MUN_PAI,MUN_PRV,MUN_COD,PRV_PAI) VALUES (63,2014,10,10,108,48,901,108);
INSERT INTO ORI14_UBICACIONES (ORI_UBI_COD,ORI_UBIC_ANO,ORI_UBIC_PUNTUACION,ORI_AMB_COD,MUN_PAI,MUN_PRV,MUN_COD,PRV_PAI) VALUES (64,2014,3.04,10,108,48,903,108);
INSERT INTO ORI14_UBICACIONES (ORI_UBI_COD,ORI_UBIC_ANO,ORI_UBIC_PUNTUACION,ORI_AMB_COD,MUN_PAI,MUN_PRV,MUN_COD,PRV_PAI) VALUES (65,2014,7.41,10,108,48,904,108);
INSERT INTO ORI14_UBICACIONES (ORI_UBI_COD,ORI_UBIC_ANO,ORI_UBIC_PUNTUACION,ORI_AMB_COD,MUN_PAI,MUN_PRV,MUN_COD,PRV_PAI) VALUES (66,2014,5.23,10,108,48,905,108);
INSERT INTO ORI14_UBICACIONES (ORI_UBI_COD,ORI_UBIC_ANO,ORI_UBIC_PUNTUACION,ORI_AMB_COD,MUN_PAI,MUN_PRV,MUN_COD,PRV_PAI) VALUES (67,2014,0,0,108,48,0,108);
INSERT INTO ORI14_UBICACIONES (ORI_UBI_COD,ORI_UBIC_ANO,ORI_UBIC_PUNTUACION,ORI_AMB_COD,MUN_PAI,MUN_PRV,MUN_COD,PRV_PAI) VALUES (68,2014,10,11,108,48,17,108);
INSERT INTO ORI14_UBICACIONES (ORI_UBI_COD,ORI_UBIC_ANO,ORI_UBIC_PUNTUACION,ORI_AMB_COD,MUN_PAI,MUN_PRV,MUN_COD,PRV_PAI) VALUES (69,2014,0.94,11,108,48,21,108);
INSERT INTO ORI14_UBICACIONES (ORI_UBI_COD,ORI_UBIC_ANO,ORI_UBIC_PUNTUACION,ORI_AMB_COD,MUN_PAI,MUN_PRV,MUN_COD,PRV_PAI) VALUES (70,2014,0.88,11,108,48,68,108);
INSERT INTO ORI14_UBICACIONES (ORI_UBI_COD,ORI_UBIC_ANO,ORI_UBIC_PUNTUACION,ORI_AMB_COD,MUN_PAI,MUN_PRV,MUN_COD,PRV_PAI) VALUES (71,2014,0.16,11,108,48,76,108);
INSERT INTO ORI14_UBICACIONES (ORI_UBI_COD,ORI_UBIC_ANO,ORI_UBIC_PUNTUACION,ORI_AMB_COD,MUN_PAI,MUN_PRV,MUN_COD,PRV_PAI) VALUES (72,2014,0.39,12,108,48,28,108);
INSERT INTO ORI14_UBICACIONES (ORI_UBI_COD,ORI_UBIC_ANO,ORI_UBIC_PUNTUACION,ORI_AMB_COD,MUN_PAI,MUN_PRV,MUN_COD,PRV_PAI) VALUES (73,2014,0.09,12,108,48,31,108);
INSERT INTO ORI14_UBICACIONES (ORI_UBI_COD,ORI_UBIC_ANO,ORI_UBIC_PUNTUACION,ORI_AMB_COD,MUN_PAI,MUN_PRV,MUN_COD,PRV_PAI) VALUES (74,2014,0.07,12,108,48,33,108);
INSERT INTO ORI14_UBICACIONES (ORI_UBI_COD,ORI_UBIC_ANO,ORI_UBIC_PUNTUACION,ORI_AMB_COD,MUN_PAI,MUN_PRV,MUN_COD,PRV_PAI) VALUES (75,2014,0.4,12,108,48,41,108);
INSERT INTO ORI14_UBICACIONES (ORI_UBI_COD,ORI_UBIC_ANO,ORI_UBIC_PUNTUACION,ORI_AMB_COD,MUN_PAI,MUN_PRV,MUN_COD,PRV_PAI) VALUES (76,2014,10,12,108,48,46,108);
INSERT INTO ORI14_UBICACIONES (ORI_UBI_COD,ORI_UBIC_ANO,ORI_UBIC_PUNTUACION,ORI_AMB_COD,MUN_PAI,MUN_PRV,MUN_COD,PRV_PAI) VALUES (77,2014,0.15,12,108,48,48,108);
INSERT INTO ORI14_UBICACIONES (ORI_UBI_COD,ORI_UBIC_ANO,ORI_UBIC_PUNTUACION,ORI_AMB_COD,MUN_PAI,MUN_PRV,MUN_COD,PRV_PAI) VALUES (78,2014,0.1,12,108,48,62,108);
INSERT INTO ORI14_UBICACIONES (ORI_UBI_COD,ORI_UBIC_ANO,ORI_UBIC_PUNTUACION,ORI_AMB_COD,MUN_PAI,MUN_PRV,MUN_COD,PRV_PAI) VALUES (79,2014,0.13,12,108,48,66,108);
INSERT INTO ORI14_UBICACIONES (ORI_UBI_COD,ORI_UBIC_ANO,ORI_UBIC_PUNTUACION,ORI_AMB_COD,MUN_PAI,MUN_PRV,MUN_COD,PRV_PAI) VALUES (80,2014,0.56,12,108,48,67,108);
INSERT INTO ORI14_UBICACIONES (ORI_UBI_COD,ORI_UBIC_ANO,ORI_UBIC_PUNTUACION,ORI_AMB_COD,MUN_PAI,MUN_PRV,MUN_COD,PRV_PAI) VALUES (81,2014,0.2,12,108,48,79,108);
INSERT INTO ORI14_UBICACIONES (ORI_UBI_COD,ORI_UBIC_ANO,ORI_UBIC_PUNTUACION,ORI_AMB_COD,MUN_PAI,MUN_PRV,MUN_COD,PRV_PAI) VALUES (82,2014,0.44,12,108,48,906,108);
INSERT INTO ORI14_UBICACIONES (ORI_UBI_COD,ORI_UBIC_ANO,ORI_UBIC_PUNTUACION,ORI_AMB_COD,MUN_PAI,MUN_PRV,MUN_COD,PRV_PAI) VALUES (83,2014,0.15,12,108,48,907,108);
INSERT INTO ORI14_UBICACIONES (ORI_UBI_COD,ORI_UBIC_ANO,ORI_UBIC_PUNTUACION,ORI_AMB_COD,MUN_PAI,MUN_PRV,MUN_COD,PRV_PAI) VALUES (84,2014,0.12,12,108,48,908,108);
INSERT INTO ORI14_UBICACIONES (ORI_UBI_COD,ORI_UBIC_ANO,ORI_UBIC_PUNTUACION,ORI_AMB_COD,MUN_PAI,MUN_PRV,MUN_COD,PRV_PAI) VALUES (85,2014,0.09,12,108,48,909,108);
INSERT INTO ORI14_UBICACIONES (ORI_UBI_COD,ORI_UBIC_ANO,ORI_UBIC_PUNTUACION,ORI_AMB_COD,MUN_PAI,MUN_PRV,MUN_COD,PRV_PAI) VALUES (86,2014,0.09,12,108,48,911,108);
INSERT INTO ORI14_UBICACIONES (ORI_UBI_COD,ORI_UBIC_ANO,ORI_UBIC_PUNTUACION,ORI_AMB_COD,MUN_PAI,MUN_PRV,MUN_COD,PRV_PAI) VALUES (87,2014,0.07,12,108,48,914,108);
INSERT INTO ORI14_UBICACIONES (ORI_UBI_COD,ORI_UBIC_ANO,ORI_UBIC_PUNTUACION,ORI_AMB_COD,MUN_PAI,MUN_PRV,MUN_COD,PRV_PAI) VALUES (88,2014,10,13,108,48,44,108);
INSERT INTO ORI14_UBICACIONES (ORI_UBI_COD,ORI_UBIC_ANO,ORI_UBIC_PUNTUACION,ORI_AMB_COD,MUN_PAI,MUN_PRV,MUN_COD,PRV_PAI) VALUES (89,2014,4.61,13,108,48,54,108);
INSERT INTO ORI14_UBICACIONES (ORI_UBI_COD,ORI_UBIC_ANO,ORI_UBIC_PUNTUACION,ORI_AMB_COD,MUN_PAI,MUN_PRV,MUN_COD,PRV_PAI) VALUES (90,2014,0,0,108,48,0,108);
INSERT INTO ORI14_UBICACIONES (ORI_UBI_COD,ORI_UBIC_ANO,ORI_UBIC_PUNTUACION,ORI_AMB_COD,MUN_PAI,MUN_PRV,MUN_COD,PRV_PAI) VALUES (91,2014,0.3,14,108,48,10,108);
INSERT INTO ORI14_UBICACIONES (ORI_UBI_COD,ORI_UBIC_ANO,ORI_UBIC_PUNTUACION,ORI_AMB_COD,MUN_PAI,MUN_PRV,MUN_COD,PRV_PAI) VALUES (92,2014,1.57,14,108,48,12,108);
INSERT INTO ORI14_UBICACIONES (ORI_UBI_COD,ORI_UBIC_ANO,ORI_UBIC_PUNTUACION,ORI_AMB_COD,MUN_PAI,MUN_PRV,MUN_COD,PRV_PAI) VALUES (93,2014,0.24,14,108,48,35,108);
INSERT INTO ORI14_UBICACIONES (ORI_UBI_COD,ORI_UBIC_ANO,ORI_UBIC_PUNTUACION,ORI_AMB_COD,MUN_PAI,MUN_PRV,MUN_COD,PRV_PAI) VALUES (94,2014,0.63,14,108,48,38,108);
INSERT INTO ORI14_UBICACIONES (ORI_UBI_COD,ORI_UBIC_ANO,ORI_UBIC_PUNTUACION,ORI_AMB_COD,MUN_PAI,MUN_PRV,MUN_COD,PRV_PAI) VALUES (95,2014,0.76,14,108,48,40,108);
INSERT INTO ORI14_UBICACIONES (ORI_UBI_COD,ORI_UBIC_ANO,ORI_UBIC_PUNTUACION,ORI_AMB_COD,MUN_PAI,MUN_PRV,MUN_COD,PRV_PAI) VALUES (96,2014,0.35,14,108,48,53,108);
INSERT INTO ORI14_UBICACIONES (ORI_UBI_COD,ORI_UBIC_ANO,ORI_UBIC_PUNTUACION,ORI_AMB_COD,MUN_PAI,MUN_PRV,MUN_COD,PRV_PAI) VALUES (97,2014,0.31,14,108,48,64,108);
INSERT INTO ORI14_UBICACIONES (ORI_UBI_COD,ORI_UBIC_ANO,ORI_UBIC_PUNTUACION,ORI_AMB_COD,MUN_PAI,MUN_PRV,MUN_COD,PRV_PAI) VALUES (98,2014,10,14,108,48,69,108);
INSERT INTO ORI14_UBICACIONES (ORI_UBI_COD,ORI_UBIC_ANO,ORI_UBIC_PUNTUACION,ORI_AMB_COD,MUN_PAI,MUN_PRV,MUN_COD,PRV_PAI) VALUES (99,2014,0.97,15,108,48,14,108);
INSERT INTO ORI14_UBICACIONES (ORI_UBI_COD,ORI_UBIC_ANO,ORI_UBIC_PUNTUACION,ORI_AMB_COD,MUN_PAI,MUN_PRV,MUN_COD,PRV_PAI) VALUES (100,2014,4.22,15,108,48,16,108);
INSERT INTO ORI14_UBICACIONES (ORI_UBI_COD,ORI_UBIC_ANO,ORI_UBIC_PUNTUACION,ORI_AMB_COD,MUN_PAI,MUN_PRV,MUN_COD,PRV_PAI) VALUES (101,2014,4.21,15,108,48,43,108);
INSERT INTO ORI14_UBICACIONES (ORI_UBI_COD,ORI_UBIC_ANO,ORI_UBIC_PUNTUACION,ORI_AMB_COD,MUN_PAI,MUN_PRV,MUN_COD,PRV_PAI) VALUES (102,2014,0.73,15,108,48,56,108);
INSERT INTO ORI14_UBICACIONES (ORI_UBI_COD,ORI_UBIC_ANO,ORI_UBIC_PUNTUACION,ORI_AMB_COD,MUN_PAI,MUN_PRV,MUN_COD,PRV_PAI) VALUES (103,2014,0.56,15,108,48,61,108);
INSERT INTO ORI14_UBICACIONES (ORI_UBI_COD,ORI_UBIC_ANO,ORI_UBIC_PUNTUACION,ORI_AMB_COD,MUN_PAI,MUN_PRV,MUN_COD,PRV_PAI) VALUES (104,2014,3.1,15,108,48,77,108);
INSERT INTO ORI14_UBICACIONES (ORI_UBI_COD,ORI_UBIC_ANO,ORI_UBIC_PUNTUACION,ORI_AMB_COD,MUN_PAI,MUN_PRV,MUN_COD,PRV_PAI) VALUES (105,2014,10,15,108,48,85,108);
INSERT INTO ORI14_UBICACIONES (ORI_UBI_COD,ORI_UBIC_ANO,ORI_UBIC_PUNTUACION,ORI_AMB_COD,MUN_PAI,MUN_PRV,MUN_COD,PRV_PAI) VALUES (106,2014,2.94,15,108,48,89,108);
INSERT INTO ORI14_UBICACIONES (ORI_UBI_COD,ORI_UBIC_ANO,ORI_UBIC_PUNTUACION,ORI_AMB_COD,MUN_PAI,MUN_PRV,MUN_COD,PRV_PAI) VALUES (107,2014,0.33,16,108,48,4,108);
INSERT INTO ORI14_UBICACIONES (ORI_UBI_COD,ORI_UBIC_ANO,ORI_UBIC_PUNTUACION,ORI_AMB_COD,MUN_PAI,MUN_PRV,MUN_COD,PRV_PAI) VALUES (108,2014,0.5,16,108,48,7,108);
INSERT INTO ORI14_UBICACIONES (ORI_UBI_COD,ORI_UBIC_ANO,ORI_UBIC_PUNTUACION,ORI_AMB_COD,MUN_PAI,MUN_PRV,MUN_COD,PRV_PAI) VALUES (109,2014,0.95,16,108,48,18,108);
INSERT INTO ORI14_UBICACIONES (ORI_UBI_COD,ORI_UBIC_ANO,ORI_UBIC_PUNTUACION,ORI_AMB_COD,MUN_PAI,MUN_PRV,MUN_COD,PRV_PAI) VALUES (110,2014,0.57,16,108,48,30,108);
INSERT INTO ORI14_UBICACIONES (ORI_UBI_COD,ORI_UBIC_ANO,ORI_UBIC_PUNTUACION,ORI_AMB_COD,MUN_PAI,MUN_PRV,MUN_COD,PRV_PAI) VALUES (111,2014,0.09,16,108,48,47,108);
INSERT INTO ORI14_UBICACIONES (ORI_UBI_COD,ORI_UBIC_ANO,ORI_UBIC_PUNTUACION,ORI_AMB_COD,MUN_PAI,MUN_PRV,MUN_COD,PRV_PAI) VALUES (112,2014,0.57,16,108,48,49,108);
INSERT INTO ORI14_UBICACIONES (ORI_UBI_COD,ORI_UBIC_ANO,ORI_UBIC_PUNTUACION,ORI_AMB_COD,MUN_PAI,MUN_PRV,MUN_COD,PRV_PAI) VALUES (113,2014,6.66,16,108,48,57,108);
INSERT INTO ORI14_UBICACIONES (ORI_UBI_COD,ORI_UBIC_ANO,ORI_UBIC_PUNTUACION,ORI_AMB_COD,MUN_PAI,MUN_PRV,MUN_COD,PRV_PAI) VALUES (114,2014,4.97,16,108,48,60,108);
INSERT INTO ORI14_UBICACIONES (ORI_UBI_COD,ORI_UBIC_ANO,ORI_UBIC_PUNTUACION,ORI_AMB_COD,MUN_PAI,MUN_PRV,MUN_COD,PRV_PAI) VALUES (115,2014,0.33,16,108,48,63,108);
INSERT INTO ORI14_UBICACIONES (ORI_UBI_COD,ORI_UBIC_ANO,ORI_UBIC_PUNTUACION,ORI_AMB_COD,MUN_PAI,MUN_PRV,MUN_COD,PRV_PAI) VALUES (116,2014,0.49,16,108,48,70,108);
INSERT INTO ORI14_UBICACIONES (ORI_UBI_COD,ORI_UBIC_ANO,ORI_UBIC_PUNTUACION,ORI_AMB_COD,MUN_PAI,MUN_PRV,MUN_COD,PRV_PAI) VALUES (117,2014,10,16,108,48,73,108);
INSERT INTO ORI14_UBICACIONES (ORI_UBI_COD,ORI_UBIC_ANO,ORI_UBIC_PUNTUACION,ORI_AMB_COD,MUN_PAI,MUN_PRV,MUN_COD,PRV_PAI) VALUES (118,2014,0.26,16,108,48,915,108);
INSERT INTO ORI14_UBICACIONES (ORI_UBI_COD,ORI_UBIC_ANO,ORI_UBIC_PUNTUACION,ORI_AMB_COD,MUN_PAI,MUN_PRV,MUN_COD,PRV_PAI) VALUES (119,2014,10,17,108,48,78,108);
INSERT INTO ORI14_UBICACIONES (ORI_UBI_COD,ORI_UBIC_ANO,ORI_UBIC_PUNTUACION,ORI_AMB_COD,MUN_PAI,MUN_PRV,MUN_COD,PRV_PAI) VALUES (120,2014,2.4,17,108,48,80,108);
INSERT INTO ORI14_UBICACIONES (ORI_UBI_COD,ORI_UBIC_ANO,ORI_UBIC_PUNTUACION,ORI_AMB_COD,MUN_PAI,MUN_PRV,MUN_COD,PRV_PAI) VALUES (121,2014,2.26,17,108,48,2,108);
INSERT INTO ORI14_UBICACIONES (ORI_UBI_COD,ORI_UBIC_ANO,ORI_UBIC_PUNTUACION,ORI_AMB_COD,MUN_PAI,MUN_PRV,MUN_COD,PRV_PAI) VALUES (122,2014,0.21,18,108,48,913,108);
INSERT INTO ORI14_UBICACIONES (ORI_UBI_COD,ORI_UBIC_ANO,ORI_UBIC_PUNTUACION,ORI_AMB_COD,MUN_PAI,MUN_PRV,MUN_COD,PRV_PAI) VALUES (123,2014,10,18,108,48,82,108);
INSERT INTO ORI14_UBICACIONES (ORI_UBI_COD,ORI_UBIC_ANO,ORI_UBIC_PUNTUACION,ORI_AMB_COD,MUN_PAI,MUN_PRV,MUN_COD,PRV_PAI) VALUES (124,2014,10,19,108,48,84,108);
INSERT INTO ORI14_UBICACIONES (ORI_UBI_COD,ORI_UBIC_ANO,ORI_UBIC_PUNTUACION,ORI_AMB_COD,MUN_PAI,MUN_PRV,MUN_COD,PRV_PAI) VALUES (125,2014,2.05,19,108,48,71,108);
INSERT INTO ORI14_UBICACIONES (ORI_UBI_COD,ORI_UBIC_ANO,ORI_UBIC_PUNTUACION,ORI_AMB_COD,MUN_PAI,MUN_PRV,MUN_COD,PRV_PAI) VALUES (126,2014,2.66,19,108,48,83,108);
INSERT INTO ORI14_UBICACIONES (ORI_UBI_COD,ORI_UBIC_ANO,ORI_UBIC_PUNTUACION,ORI_AMB_COD,MUN_PAI,MUN_PRV,MUN_COD,PRV_PAI) VALUES (127,2014,0,0,108,48,0,108);
INSERT INTO ORI14_UBICACIONES (ORI_UBI_COD,ORI_UBIC_ANO,ORI_UBIC_PUNTUACION,ORI_AMB_COD,MUN_PAI,MUN_PRV,MUN_COD,PRV_PAI) VALUES (128,2014,0.76,20,108,48,8,108);
INSERT INTO ORI14_UBICACIONES (ORI_UBI_COD,ORI_UBIC_ANO,ORI_UBIC_PUNTUACION,ORI_AMB_COD,MUN_PAI,MUN_PRV,MUN_COD,PRV_PAI) VALUES (129,2014,2.94,20,108,48,22,108);
INSERT INTO ORI14_UBICACIONES (ORI_UBI_COD,ORI_UBIC_ANO,ORI_UBIC_PUNTUACION,ORI_AMB_COD,MUN_PAI,MUN_PRV,MUN_COD,PRV_PAI) VALUES (130,2014,0.22,20,108,48,51,108);
INSERT INTO ORI14_UBICACIONES (ORI_UBI_COD,ORI_UBIC_ANO,ORI_UBIC_PUNTUACION,ORI_AMB_COD,MUN_PAI,MUN_PRV,MUN_COD,PRV_PAI) VALUES (131,2014,2.54,20,108,48,86,108);
INSERT INTO ORI14_UBICACIONES (ORI_UBI_COD,ORI_UBIC_ANO,ORI_UBIC_PUNTUACION,ORI_AMB_COD,MUN_PAI,MUN_PRV,MUN_COD,PRV_PAI) VALUES (132,2014,0.67,20,108,48,87,108);
INSERT INTO ORI14_UBICACIONES (ORI_UBI_COD,ORI_UBIC_ANO,ORI_UBIC_PUNTUACION,ORI_AMB_COD,MUN_PAI,MUN_PRV,MUN_COD,PRV_PAI) VALUES (133,2014,10,20,108,48,90,108);
INSERT INTO ORI14_UBICACIONES (ORI_UBI_COD,ORI_UBIC_ANO,ORI_UBIC_PUNTUACION,ORI_AMB_COD,MUN_PAI,MUN_PRV,MUN_COD,PRV_PAI) VALUES (134,2014,0.68,21,108,48,37,108);
INSERT INTO ORI14_UBICACIONES (ORI_UBI_COD,ORI_UBIC_ANO,ORI_UBIC_PUNTUACION,ORI_AMB_COD,MUN_PAI,MUN_PRV,MUN_COD,PRV_PAI) VALUES (135,2014,1.23,21,108,48,42,108);
INSERT INTO ORI14_UBICACIONES (ORI_UBI_COD,ORI_UBIC_ANO,ORI_UBIC_PUNTUACION,ORI_AMB_COD,MUN_PAI,MUN_PRV,MUN_COD,PRV_PAI) VALUES (136,2014,6.63,21,108,48,45,108);
INSERT INTO ORI14_UBICACIONES (ORI_UBI_COD,ORI_UBIC_ANO,ORI_UBIC_PUNTUACION,ORI_AMB_COD,MUN_PAI,MUN_PRV,MUN_COD,PRV_PAI) VALUES (137,2014,10,21,108,48,96,108);
INSERT INTO ORI14_UBICACIONES (ORI_UBI_COD,ORI_UBIC_ANO,ORI_UBIC_PUNTUACION,ORI_AMB_COD,MUN_PAI,MUN_PRV,MUN_COD,PRV_PAI) VALUES (138,2014,0.64,0,108,20,11,108);
INSERT INTO ORI14_UBICACIONES (ORI_UBI_COD,ORI_UBIC_ANO,ORI_UBIC_PUNTUACION,ORI_AMB_COD,MUN_PAI,MUN_PRV,MUN_COD,PRV_PAI) VALUES (139,2014,2.15,22,108,20,13,108);
INSERT INTO ORI14_UBICACIONES (ORI_UBI_COD,ORI_UBIC_ANO,ORI_UBIC_PUNTUACION,ORI_AMB_COD,MUN_PAI,MUN_PRV,MUN_COD,PRV_PAI) VALUES (140,2014,0.29,22,108,20,33,108);
INSERT INTO ORI14_UBICACIONES (ORI_UBI_COD,ORI_UBIC_ANO,ORI_UBIC_PUNTUACION,ORI_AMB_COD,MUN_PAI,MUN_PRV,MUN_COD,PRV_PAI) VALUES (141,2014,1.56,22,108,20,34,108);
INSERT INTO ORI14_UBICACIONES (ORI_UBI_COD,ORI_UBIC_ANO,ORI_UBIC_PUNTUACION,ORI_AMB_COD,MUN_PAI,MUN_PRV,MUN_COD,PRV_PAI) VALUES (142,2014,10,22,108,20,55,108);
INSERT INTO ORI14_UBICACIONES (ORI_UBI_COD,ORI_UBIC_ANO,ORI_UBIC_PUNTUACION,ORI_AMB_COD,MUN_PAI,MUN_PRV,MUN_COD,PRV_PAI) VALUES (143,2014,2.89,22,108,20,59,108);
INSERT INTO ORI14_UBICACIONES (ORI_UBI_COD,ORI_UBIC_ANO,ORI_UBIC_PUNTUACION,ORI_AMB_COD,MUN_PAI,MUN_PRV,MUN_COD,PRV_PAI) VALUES (144,2014,0.06,22,108,20,68,108);
INSERT INTO ORI14_UBICACIONES (ORI_UBI_COD,ORI_UBIC_ANO,ORI_UBIC_PUNTUACION,ORI_AMB_COD,MUN_PAI,MUN_PRV,MUN_COD,PRV_PAI) VALUES (145,2014,5.03,22,108,20,74,108);
INSERT INTO ORI14_UBICACIONES (ORI_UBI_COD,ORI_UBIC_ANO,ORI_UBIC_PUNTUACION,ORI_AMB_COD,MUN_PAI,MUN_PRV,MUN_COD,PRV_PAI) VALUES (146,2014,7.67,23,108,20,17,108);
INSERT INTO ORI14_UBICACIONES (ORI_UBI_COD,ORI_UBIC_ANO,ORI_UBIC_PUNTUACION,ORI_AMB_COD,MUN_PAI,MUN_PRV,MUN_COD,PRV_PAI) VALUES (147,2014,0.62,23,108,20,3,108);
INSERT INTO ORI14_UBICACIONES (ORI_UBI_COD,ORI_UBIC_ANO,ORI_UBIC_PUNTUACION,ORI_AMB_COD,MUN_PAI,MUN_PRV,MUN_COD,PRV_PAI) VALUES (148,2014,10,23,108,20,18,108);
INSERT INTO ORI14_UBICACIONES (ORI_UBI_COD,ORI_UBIC_ANO,ORI_UBIC_PUNTUACION,ORI_AMB_COD,MUN_PAI,MUN_PRV,MUN_COD,PRV_PAI) VALUES (149,2014,2.48,23,108,20,27,108);
INSERT INTO ORI14_UBICACIONES (ORI_UBI_COD,ORI_UBIC_ANO,ORI_UBIC_PUNTUACION,ORI_AMB_COD,MUN_PAI,MUN_PRV,MUN_COD,PRV_PAI) VALUES (150,2014,0.09,24,108,20,12,108);
INSERT INTO ORI14_UBICACIONES (ORI_UBI_COD,ORI_UBIC_ANO,ORI_UBIC_PUNTUACION,ORI_AMB_COD,MUN_PAI,MUN_PRV,MUN_COD,PRV_PAI) VALUES (151,2014,0.73,24,108,20,15,108);
INSERT INTO ORI14_UBICACIONES (ORI_UBI_COD,ORI_UBIC_ANO,ORI_UBIC_PUNTUACION,ORI_AMB_COD,MUN_PAI,MUN_PRV,MUN_COD,PRV_PAI) VALUES (152,2014,10,24,108,20,19,108);
INSERT INTO ORI14_UBICACIONES (ORI_UBI_COD,ORI_UBIC_ANO,ORI_UBIC_PUNTUACION,ORI_AMB_COD,MUN_PAI,MUN_PRV,MUN_COD,PRV_PAI) VALUES (153,2014,0.77,24,108,20,25,108);
INSERT INTO ORI14_UBICACIONES (ORI_UBI_COD,ORI_UBIC_ANO,ORI_UBIC_PUNTUACION,ORI_AMB_COD,MUN_PAI,MUN_PRV,MUN_COD,PRV_PAI) VALUES (154,2014,0.07,24,108,20,26,108);
INSERT INTO ORI14_UBICACIONES (ORI_UBI_COD,ORI_UBIC_ANO,ORI_UBIC_PUNTUACION,ORI_AMB_COD,MUN_PAI,MUN_PRV,MUN_COD,PRV_PAI) VALUES (155,2014,0.05,24,108,20,37,108);
INSERT INTO ORI14_UBICACIONES (ORI_UBI_COD,ORI_UBIC_ANO,ORI_UBIC_PUNTUACION,ORI_AMB_COD,MUN_PAI,MUN_PRV,MUN_COD,PRV_PAI) VALUES (156,2014,0.17,24,108,20,38,108);
INSERT INTO ORI14_UBICACIONES (ORI_UBI_COD,ORI_UBIC_ANO,ORI_UBIC_PUNTUACION,ORI_AMB_COD,MUN_PAI,MUN_PRV,MUN_COD,PRV_PAI) VALUES (157,2014,1.2,24,108,20,43,108);
INSERT INTO ORI14_UBICACIONES (ORI_UBI_COD,ORI_UBIC_ANO,ORI_UBIC_PUNTUACION,ORI_AMB_COD,MUN_PAI,MUN_PRV,MUN_COD,PRV_PAI) VALUES (158,2014,0.46,24,108,20,47,108);
INSERT INTO ORI14_UBICACIONES (ORI_UBI_COD,ORI_UBIC_ANO,ORI_UBIC_PUNTUACION,ORI_AMB_COD,MUN_PAI,MUN_PRV,MUN_COD,PRV_PAI) VALUES (159,2014,3.56,24,108,20,49,108);
INSERT INTO ORI14_UBICACIONES (ORI_UBI_COD,ORI_UBIC_ANO,ORI_UBIC_PUNTUACION,ORI_AMB_COD,MUN_PAI,MUN_PRV,MUN_COD,PRV_PAI) VALUES (160,2014,0.08,24,108,20,57,108);
INSERT INTO ORI14_UBICACIONES (ORI_UBI_COD,ORI_UBIC_ANO,ORI_UBIC_PUNTUACION,ORI_AMB_COD,MUN_PAI,MUN_PRV,MUN_COD,PRV_PAI) VALUES (161,2014,0.63,24,108,20,58,108);
INSERT INTO ORI14_UBICACIONES (ORI_UBI_COD,ORI_UBIC_ANO,ORI_UBIC_PUNTUACION,ORI_AMB_COD,MUN_PAI,MUN_PRV,MUN_COD,PRV_PAI) VALUES (162,2014,0.71,24,108,20,62,108);
INSERT INTO ORI14_UBICACIONES (ORI_UBI_COD,ORI_UBIC_ANO,ORI_UBIC_PUNTUACION,ORI_AMB_COD,MUN_PAI,MUN_PRV,MUN_COD,PRV_PAI) VALUES (163,2014,0.66,24,108,20,70,108);
INSERT INTO ORI14_UBICACIONES (ORI_UBI_COD,ORI_UBIC_ANO,ORI_UBIC_PUNTUACION,ORI_AMB_COD,MUN_PAI,MUN_PRV,MUN_COD,PRV_PAI) VALUES (164,2014,7.69,24,108,20,76,108);
INSERT INTO ORI14_UBICACIONES (ORI_UBI_COD,ORI_UBIC_ANO,ORI_UBIC_PUNTUACION,ORI_AMB_COD,MUN_PAI,MUN_PRV,MUN_COD,PRV_PAI) VALUES (165,2014,1.06,24,108,20,78,108);
INSERT INTO ORI14_UBICACIONES (ORI_UBI_COD,ORI_UBIC_ANO,ORI_UBIC_PUNTUACION,ORI_AMB_COD,MUN_PAI,MUN_PRV,MUN_COD,PRV_PAI) VALUES (166,2014,0.09,24,108,20,906,108);
INSERT INTO ORI14_UBICACIONES (ORI_UBI_COD,ORI_UBIC_ANO,ORI_UBIC_PUNTUACION,ORI_AMB_COD,MUN_PAI,MUN_PRV,MUN_COD,PRV_PAI) VALUES (167,2014,10,25,108,20,69,108);
INSERT INTO ORI14_UBICACIONES (ORI_UBI_COD,ORI_UBIC_ANO,ORI_UBIC_PUNTUACION,ORI_AMB_COD,MUN_PAI,MUN_PRV,MUN_COD,PRV_PAI) VALUES (168,2014,10,26,108,20,30,108);
INSERT INTO ORI14_UBICACIONES (ORI_UBI_COD,ORI_UBIC_ANO,ORI_UBIC_PUNTUACION,ORI_AMB_COD,MUN_PAI,MUN_PRV,MUN_COD,PRV_PAI) VALUES (169,2014,5.95,26,108,20,34,108);
INSERT INTO ORI14_UBICACIONES (ORI_UBI_COD,ORI_UBIC_ANO,ORI_UBIC_PUNTUACION,ORI_AMB_COD,MUN_PAI,MUN_PRV,MUN_COD,PRV_PAI) VALUES (170,2014,0.3,26,108,20,58,108);
INSERT INTO ORI14_UBICACIONES (ORI_UBI_COD,ORI_UBIC_ANO,ORI_UBIC_PUNTUACION,ORI_AMB_COD,MUN_PAI,MUN_PRV,MUN_COD,PRV_PAI) VALUES (171,2014,4.35,27,108,20,29,108);
INSERT INTO ORI14_UBICACIONES (ORI_UBI_COD,ORI_UBIC_ANO,ORI_UBIC_PUNTUACION,ORI_AMB_COD,MUN_PAI,MUN_PRV,MUN_COD,PRV_PAI) VALUES (172,2014,10,27,108,20,32,108);
INSERT INTO ORI14_UBICACIONES (ORI_UBI_COD,ORI_UBIC_ANO,ORI_UBIC_PUNTUACION,ORI_AMB_COD,MUN_PAI,MUN_PRV,MUN_COD,PRV_PAI) VALUES (173,2014,3.69,27,108,20,56,108);
INSERT INTO ORI14_UBICACIONES (ORI_UBI_COD,ORI_UBIC_ANO,ORI_UBIC_PUNTUACION,ORI_AMB_COD,MUN_PAI,MUN_PRV,MUN_COD,PRV_PAI) VALUES (174,2014,4.71,27,108,20,65,108);
INSERT INTO ORI14_UBICACIONES (ORI_UBI_COD,ORI_UBIC_ANO,ORI_UBIC_PUNTUACION,ORI_AMB_COD,MUN_PAI,MUN_PRV,MUN_COD,PRV_PAI) VALUES (175,2014,1.49,27,108,20,901,108);
INSERT INTO ORI14_UBICACIONES (ORI_UBI_COD,ORI_UBIC_ANO,ORI_UBIC_PUNTUACION,ORI_AMB_COD,MUN_PAI,MUN_PRV,MUN_COD,PRV_PAI) VALUES (176,2014,1.35,28,108,20,53,108);
INSERT INTO ORI14_UBICACIONES (ORI_UBI_COD,ORI_UBIC_ANO,ORI_UBIC_PUNTUACION,ORI_AMB_COD,MUN_PAI,MUN_PRV,MUN_COD,PRV_PAI) VALUES (177,2014,1.68,28,108,20,63,108);
INSERT INTO ORI14_UBICACIONES (ORI_UBI_COD,ORI_UBIC_ANO,ORI_UBIC_PUNTUACION,ORI_AMB_COD,MUN_PAI,MUN_PRV,MUN_COD,PRV_PAI) VALUES (178,2014,3.95,28,108,20,64,108);
INSERT INTO ORI14_UBICACIONES (ORI_UBI_COD,ORI_UBIC_ANO,ORI_UBIC_PUNTUACION,ORI_AMB_COD,MUN_PAI,MUN_PRV,MUN_COD,PRV_PAI) VALUES (179,2014,10,28,108,20,67,108);
INSERT INTO ORI14_UBICACIONES (ORI_UBI_COD,ORI_UBIC_ANO,ORI_UBIC_PUNTUACION,ORI_AMB_COD,MUN_PAI,MUN_PRV,MUN_COD,PRV_PAI) VALUES (180,2014,1.85,29,108,20,36,108);
INSERT INTO ORI14_UBICACIONES (ORI_UBI_COD,ORI_UBIC_ANO,ORI_UBIC_PUNTUACION,ORI_AMB_COD,MUN_PAI,MUN_PRV,MUN_COD,PRV_PAI) VALUES (181,2014,10,29,108,20,45,108);
INSERT INTO ORI14_UBICACIONES (ORI_UBI_COD,ORI_UBIC_ANO,ORI_UBIC_PUNTUACION,ORI_AMB_COD,MUN_PAI,MUN_PRV,MUN_COD,PRV_PAI) VALUES (182,2014,7.43,33,108,20,9,108);
INSERT INTO ORI14_UBICACIONES (ORI_UBI_COD,ORI_UBIC_ANO,ORI_UBIC_PUNTUACION,ORI_AMB_COD,MUN_PAI,MUN_PRV,MUN_COD,PRV_PAI) VALUES (183,2014,9.12,33,108,20,40,108);
INSERT INTO ORI14_UBICACIONES (ORI_UBI_COD,ORI_UBIC_ANO,ORI_UBIC_PUNTUACION,ORI_AMB_COD,MUN_PAI,MUN_PRV,MUN_COD,PRV_PAI) VALUES (184,2014,10,33,108,20,902,108);
INSERT INTO ORI14_UBICACIONES (ORI_UBI_COD,ORI_UBIC_ANO,ORI_UBIC_PUNTUACION,ORI_AMB_COD,MUN_PAI,MUN_PRV,MUN_COD,PRV_PAI) VALUES (185,2014,2.2,33,108,20,903,108);
INSERT INTO ORI14_UBICACIONES (ORI_UBI_COD,ORI_UBIC_ANO,ORI_UBIC_PUNTUACION,ORI_AMB_COD,MUN_PAI,MUN_PRV,MUN_COD,PRV_PAI) VALUES (186,2014,2.82,33,108,20,72,108);
INSERT INTO ORI14_UBICACIONES (ORI_UBI_COD,ORI_UBIC_ANO,ORI_UBIC_PUNTUACION,ORI_AMB_COD,MUN_PAI,MUN_PRV,MUN_COD,PRV_PAI) VALUES (187,2014,2.51,33,108,20,73,108);
INSERT INTO ORI14_UBICACIONES (ORI_UBI_COD,ORI_UBIC_ANO,ORI_UBIC_PUNTUACION,ORI_AMB_COD,MUN_PAI,MUN_PRV,MUN_COD,PRV_PAI) VALUES (188,2014,0.06,30,108,20,1,108);
INSERT INTO ORI14_UBICACIONES (ORI_UBI_COD,ORI_UBIC_ANO,ORI_UBIC_PUNTUACION,ORI_AMB_COD,MUN_PAI,MUN_PRV,MUN_COD,PRV_PAI) VALUES (189,2014,0.17,30,108,20,2,108);
INSERT INTO ORI14_UBICACIONES (ORI_UBI_COD,ORI_UBIC_ANO,ORI_UBIC_PUNTUACION,ORI_AMB_COD,MUN_PAI,MUN_PRV,MUN_COD,PRV_PAI) VALUES (190,2014,0.06,30,108,20,4,108);
INSERT INTO ORI14_UBICACIONES (ORI_UBI_COD,ORI_UBIC_ANO,ORI_UBIC_PUNTUACION,ORI_AMB_COD,MUN_PAI,MUN_PRV,MUN_COD,PRV_PAI) VALUES (191,2014,1,30,108,20,5,108);
INSERT INTO ORI14_UBICACIONES (ORI_UBI_COD,ORI_UBIC_ANO,ORI_UBIC_PUNTUACION,ORI_AMB_COD,MUN_PAI,MUN_PRV,MUN_COD,PRV_PAI) VALUES (192,2014,0.15,30,108,20,6,108);
INSERT INTO ORI14_UBICACIONES (ORI_UBI_COD,ORI_UBIC_ANO,ORI_UBIC_PUNTUACION,ORI_AMB_COD,MUN_PAI,MUN_PRV,MUN_COD,PRV_PAI) VALUES (193,2014,0.16,30,108,20,7,108);
INSERT INTO ORI14_UBICACIONES (ORI_UBI_COD,ORI_UBIC_ANO,ORI_UBIC_PUNTUACION,ORI_AMB_COD,MUN_PAI,MUN_PRV,MUN_COD,PRV_PAI) VALUES (194,2014,0.32,30,108,20,8,108);
INSERT INTO ORI14_UBICACIONES (ORI_UBI_COD,ORI_UBIC_ANO,ORI_UBIC_PUNTUACION,ORI_AMB_COD,MUN_PAI,MUN_PRV,MUN_COD,PRV_PAI) VALUES (195,2014,1.08,30,108,20,10,108);
INSERT INTO ORI14_UBICACIONES (ORI_UBI_COD,ORI_UBIC_ANO,ORI_UBIC_PUNTUACION,ORI_AMB_COD,MUN_PAI,MUN_PRV,MUN_COD,PRV_PAI) VALUES (196,2014,0.64,30,108,20,14,108);
INSERT INTO ORI14_UBICACIONES (ORI_UBI_COD,ORI_UBIC_ANO,ORI_UBIC_PUNTUACION,ORI_AMB_COD,MUN_PAI,MUN_PRV,MUN_COD,PRV_PAI) VALUES (197,2014,0.09,30,108,20,21,108);
INSERT INTO ORI14_UBICACIONES (ORI_UBI_COD,ORI_UBIC_ANO,ORI_UBIC_PUNTUACION,ORI_AMB_COD,MUN_PAI,MUN_PRV,MUN_COD,PRV_PAI) VALUES (198,2014,0.39,30,108,20,22,108);
INSERT INTO ORI14_UBICACIONES (ORI_UBI_COD,ORI_UBIC_ANO,ORI_UBIC_PUNTUACION,ORI_AMB_COD,MUN_PAI,MUN_PRV,MUN_COD,PRV_PAI) VALUES (199,2014,0.27,30,108,20,23,108);
INSERT INTO ORI14_UBICACIONES (ORI_UBI_COD,ORI_UBIC_ANO,ORI_UBIC_PUNTUACION,ORI_AMB_COD,MUN_PAI,MUN_PRV,MUN_COD,PRV_PAI) VALUES (200,2014,0.22,30,108,20,24,108);
INSERT INTO ORI14_UBICACIONES (ORI_UBI_COD,ORI_UBIC_ANO,ORI_UBIC_PUNTUACION,ORI_AMB_COD,MUN_PAI,MUN_PRV,MUN_COD,PRV_PAI) VALUES (201,2014,1.63,30,108,20,28,108);
INSERT INTO ORI14_UBICACIONES (ORI_UBI_COD,ORI_UBIC_ANO,ORI_UBIC_PUNTUACION,ORI_AMB_COD,MUN_PAI,MUN_PRV,MUN_COD,PRV_PAI) VALUES (202,2014,0.05,30,108,20,31,108);
INSERT INTO ORI14_UBICACIONES (ORI_UBI_COD,ORI_UBIC_ANO,ORI_UBIC_PUNTUACION,ORI_AMB_COD,MUN_PAI,MUN_PRV,MUN_COD,PRV_PAI) VALUES (203,2014,0.11,30,108,20,41,108);
INSERT INTO ORI14_UBICACIONES (ORI_UBI_COD,ORI_UBIC_ANO,ORI_UBIC_PUNTUACION,ORI_AMB_COD,MUN_PAI,MUN_PRV,MUN_COD,PRV_PAI) VALUES (204,2014,2.46,30,108,20,42,108);
INSERT INTO ORI14_UBICACIONES (ORI_UBI_COD,ORI_UBIC_ANO,ORI_UBIC_PUNTUACION,ORI_AMB_COD,MUN_PAI,MUN_PRV,MUN_COD,PRV_PAI) VALUES (205,2014,0.18,30,108,20,44,108);
INSERT INTO ORI14_UBICACIONES (ORI_UBI_COD,ORI_UBIC_ANO,ORI_UBIC_PUNTUACION,ORI_AMB_COD,MUN_PAI,MUN_PRV,MUN_COD,PRV_PAI) VALUES (206,2014,0.85,30,108,20,46,108);
INSERT INTO ORI14_UBICACIONES (ORI_UBI_COD,ORI_UBIC_ANO,ORI_UBIC_PUNTUACION,ORI_AMB_COD,MUN_PAI,MUN_PRV,MUN_COD,PRV_PAI) VALUES (207,2014,0.11,30,108,20,48,108);
INSERT INTO ORI14_UBICACIONES (ORI_UBI_COD,ORI_UBIC_ANO,ORI_UBIC_PUNTUACION,ORI_AMB_COD,MUN_PAI,MUN_PRV,MUN_COD,PRV_PAI) VALUES (208,2014,0.16,30,108,20,50,108);
INSERT INTO ORI14_UBICACIONES (ORI_UBI_COD,ORI_UBIC_ANO,ORI_UBIC_PUNTUACION,ORI_AMB_COD,MUN_PAI,MUN_PRV,MUN_COD,PRV_PAI) VALUES (209,2014,0.61,30,108,20,52,108);
INSERT INTO ORI14_UBICACIONES (ORI_UBI_COD,ORI_UBIC_ANO,ORI_UBIC_PUNTUACION,ORI_AMB_COD,MUN_PAI,MUN_PRV,MUN_COD,PRV_PAI) VALUES (210,2014,0.31,30,108,20,54,108);
INSERT INTO ORI14_UBICACIONES (ORI_UBI_COD,ORI_UBIC_ANO,ORI_UBIC_PUNTUACION,ORI_AMB_COD,MUN_PAI,MUN_PRV,MUN_COD,PRV_PAI) VALUES (211,2014,0.01,30,108,20,60,108);
INSERT INTO ORI14_UBICACIONES (ORI_UBI_COD,ORI_UBIC_ANO,ORI_UBIC_PUNTUACION,ORI_AMB_COD,MUN_PAI,MUN_PRV,MUN_COD,PRV_PAI) VALUES (212,2014,10,30,108,20,71,108);
INSERT INTO ORI14_UBICACIONES (ORI_UBI_COD,ORI_UBIC_ANO,ORI_UBIC_PUNTUACION,ORI_AMB_COD,MUN_PAI,MUN_PRV,MUN_COD,PRV_PAI) VALUES (213,2014,3.33,30,108,20,75,108);
INSERT INTO ORI14_UBICACIONES (ORI_UBI_COD,ORI_UBIC_ANO,ORI_UBIC_PUNTUACION,ORI_AMB_COD,MUN_PAI,MUN_PRV,MUN_COD,PRV_PAI) VALUES (214,2014,0.06,30,108,20,904,108);
INSERT INTO ORI14_UBICACIONES (ORI_UBI_COD,ORI_UBIC_ANO,ORI_UBIC_PUNTUACION,ORI_AMB_COD,MUN_PAI,MUN_PRV,MUN_COD,PRV_PAI) VALUES (215,2014,0.04,30,108,20,905,108);
INSERT INTO ORI14_UBICACIONES (ORI_UBI_COD,ORI_UBIC_ANO,ORI_UBIC_PUNTUACION,ORI_AMB_COD,MUN_PAI,MUN_PRV,MUN_COD,PRV_PAI) VALUES (216,2014,0.04,30,108,20,907,108);
INSERT INTO ORI14_UBICACIONES (ORI_UBI_COD,ORI_UBIC_ANO,ORI_UBIC_PUNTUACION,ORI_AMB_COD,MUN_PAI,MUN_PRV,MUN_COD,PRV_PAI) VALUES (217,2014,0.65,31,108,20,16,108);
INSERT INTO ORI14_UBICACIONES (ORI_UBI_COD,ORI_UBIC_ANO,ORI_UBIC_PUNTUACION,ORI_AMB_COD,MUN_PAI,MUN_PRV,MUN_COD,PRV_PAI) VALUES (218,2014,0.05,31,108,20,20,108);
INSERT INTO ORI14_UBICACIONES (ORI_UBI_COD,ORI_UBIC_ANO,ORI_UBIC_PUNTUACION,ORI_AMB_COD,MUN_PAI,MUN_PRV,MUN_COD,PRV_PAI) VALUES (219,2014,0.76,31,108,20,39,108);
INSERT INTO ORI14_UBICACIONES (ORI_UBI_COD,ORI_UBIC_ANO,ORI_UBIC_PUNTUACION,ORI_AMB_COD,MUN_PAI,MUN_PRV,MUN_COD,PRV_PAI) VALUES (220,2014,2.26,31,108,20,61,108);
INSERT INTO ORI14_UBICACIONES (ORI_UBI_COD,ORI_UBIC_ANO,ORI_UBIC_PUNTUACION,ORI_AMB_COD,MUN_PAI,MUN_PRV,MUN_COD,PRV_PAI) VALUES (221,2014,0.36,31,108,20,66,108);
INSERT INTO ORI14_UBICACIONES (ORI_UBI_COD,ORI_UBIC_ANO,ORI_UBIC_PUNTUACION,ORI_AMB_COD,MUN_PAI,MUN_PRV,MUN_COD,PRV_PAI) VALUES (222,2014,10,31,108,20,79,108);
INSERT INTO ORI14_UBICACIONES (ORI_UBI_COD,ORI_UBIC_ANO,ORI_UBIC_PUNTUACION,ORI_AMB_COD,MUN_PAI,MUN_PRV,MUN_COD,PRV_PAI) VALUES (223,2014,4.13,31,108,20,81,108);
INSERT INTO ORI14_UBICACIONES (ORI_UBI_COD,ORI_UBIC_ANO,ORI_UBIC_PUNTUACION,ORI_AMB_COD,MUN_PAI,MUN_PRV,MUN_COD,PRV_PAI) VALUES (224,2014,0.38,32,108,20,35,108);
INSERT INTO ORI14_UBICACIONES (ORI_UBI_COD,ORI_UBIC_ANO,ORI_UBIC_PUNTUACION,ORI_AMB_COD,MUN_PAI,MUN_PRV,MUN_COD,PRV_PAI) VALUES (225,2014,5.96,32,108,20,51,108);
INSERT INTO ORI14_UBICACIONES (ORI_UBI_COD,ORI_UBIC_ANO,ORI_UBIC_PUNTUACION,ORI_AMB_COD,MUN_PAI,MUN_PRV,MUN_COD,PRV_PAI) VALUES (226,2014,5.56,32,108,20,77,108);
INSERT INTO ORI14_UBICACIONES (ORI_UBI_COD,ORI_UBIC_ANO,ORI_UBIC_PUNTUACION,ORI_AMB_COD,MUN_PAI,MUN_PRV,MUN_COD,PRV_PAI) VALUES (227,2014,10,32,108,20,80,108);


-------------------------------------------------------------------------------------------------------------------------------------------------------
--ORI14_ORI_UBIC PRUEBAS----------------------------------------------------------------------------------------------------------------------------------
-------------------------------------------------------------------------------------------------------------------------------------------------------
/*
Insert into ORI14_ORI_UBIC (ORI_ORIENT_UBIC_COD,ORI_ORIENT_ANO,ORI_ENT_COD,ORI_AMB_COD,MUN_PAI,MUN_PRV,MUN_COD,PRV_PAI,ORI_ORIENT_DIRECCION,ORI_ORIENT_HORASSOLICITADAS,ORI_ORIENT_HORASADJ,ORI_ORIENT_DESPACHOS,ORI_ORIENT_AULAGRUPAL,ORI_ORIENT_DESPACHOS_VALIDADOS,ORI_ORIENT_AULAGRUPAL_VALIDADA,ORI_ORIENT_VAL_TRAY,ORI_ORIENT_VAL_UBIC,ORI_ORIENT_VAL_DESPACHOS,ORI_ORIENT_VAL_AULAS,ORI_ORIENT_PUNTUACION,ORI_ORIENT_OBSERVACIONES) values ('1','2014','0','1',null,null,null,null,null,'2',null,null,null,null,null,null,null,null,null,'5',null);
Insert into ORI14_ORI_UBIC (ORI_ORIENT_UBIC_COD,ORI_ORIENT_ANO,ORI_ENT_COD,ORI_AMB_COD,MUN_PAI,MUN_PRV,MUN_COD,PRV_PAI,ORI_ORIENT_DIRECCION,ORI_ORIENT_HORASSOLICITADAS,ORI_ORIENT_HORASADJ,ORI_ORIENT_DESPACHOS,ORI_ORIENT_AULAGRUPAL,ORI_ORIENT_DESPACHOS_VALIDADOS,ORI_ORIENT_AULAGRUPAL_VALIDADA,ORI_ORIENT_VAL_TRAY,ORI_ORIENT_VAL_UBIC,ORI_ORIENT_VAL_DESPACHOS,ORI_ORIENT_VAL_AULAS,ORI_ORIENT_PUNTUACION,ORI_ORIENT_OBSERVACIONES) values ('2','2014','0','1',null,null,null,null,null,'1',null,null,null,null,null,null,null,null,null,'2',null);
Insert into ORI14_ORI_UBIC (ORI_ORIENT_UBIC_COD,ORI_ORIENT_ANO,ORI_ENT_COD,ORI_AMB_COD,MUN_PAI,MUN_PRV,MUN_COD,PRV_PAI,ORI_ORIENT_DIRECCION,ORI_ORIENT_HORASSOLICITADAS,ORI_ORIENT_HORASADJ,ORI_ORIENT_DESPACHOS,ORI_ORIENT_AULAGRUPAL,ORI_ORIENT_DESPACHOS_VALIDADOS,ORI_ORIENT_AULAGRUPAL_VALIDADA,ORI_ORIENT_VAL_TRAY,ORI_ORIENT_VAL_UBIC,ORI_ORIENT_VAL_DESPACHOS,ORI_ORIENT_VAL_AULAS,ORI_ORIENT_PUNTUACION,ORI_ORIENT_OBSERVACIONES) values ('3','2014','1','1',null,null,null,null,null,'2',null,null,null,null,null,null,null,null,null,'10',null);
Insert into ORI14_ORI_UBIC (ORI_ORIENT_UBIC_COD,ORI_ORIENT_ANO,ORI_ENT_COD,ORI_AMB_COD,MUN_PAI,MUN_PRV,MUN_COD,PRV_PAI,ORI_ORIENT_DIRECCION,ORI_ORIENT_HORASSOLICITADAS,ORI_ORIENT_HORASADJ,ORI_ORIENT_DESPACHOS,ORI_ORIENT_AULAGRUPAL,ORI_ORIENT_DESPACHOS_VALIDADOS,ORI_ORIENT_AULAGRUPAL_VALIDADA,ORI_ORIENT_VAL_TRAY,ORI_ORIENT_VAL_UBIC,ORI_ORIENT_VAL_DESPACHOS,ORI_ORIENT_VAL_AULAS,ORI_ORIENT_PUNTUACION,ORI_ORIENT_OBSERVACIONES) values ('4','2014','1','1',null,null,null,null,null,'2',null,null,null,null,null,null,null,null,null,'12',null);
Insert into ORI14_ORI_UBIC (ORI_ORIENT_UBIC_COD,ORI_ORIENT_ANO,ORI_ENT_COD,ORI_AMB_COD,MUN_PAI,MUN_PRV,MUN_COD,PRV_PAI,ORI_ORIENT_DIRECCION,ORI_ORIENT_HORASSOLICITADAS,ORI_ORIENT_HORASADJ,ORI_ORIENT_DESPACHOS,ORI_ORIENT_AULAGRUPAL,ORI_ORIENT_DESPACHOS_VALIDADOS,ORI_ORIENT_AULAGRUPAL_VALIDADA,ORI_ORIENT_VAL_TRAY,ORI_ORIENT_VAL_UBIC,ORI_ORIENT_VAL_DESPACHOS,ORI_ORIENT_VAL_AULAS,ORI_ORIENT_PUNTUACION,ORI_ORIENT_OBSERVACIONES) values ('5','2014','2','1',null,null,null,null,null,'3',null,null,null,null,null,null,null,null,null,'25',null);
Insert into ORI14_ORI_UBIC (ORI_ORIENT_UBIC_COD,ORI_ORIENT_ANO,ORI_ENT_COD,ORI_AMB_COD,MUN_PAI,MUN_PRV,MUN_COD,PRV_PAI,ORI_ORIENT_DIRECCION,ORI_ORIENT_HORASSOLICITADAS,ORI_ORIENT_HORASADJ,ORI_ORIENT_DESPACHOS,ORI_ORIENT_AULAGRUPAL,ORI_ORIENT_DESPACHOS_VALIDADOS,ORI_ORIENT_AULAGRUPAL_VALIDADA,ORI_ORIENT_VAL_TRAY,ORI_ORIENT_VAL_UBIC,ORI_ORIENT_VAL_DESPACHOS,ORI_ORIENT_VAL_AULAS,ORI_ORIENT_PUNTUACION,ORI_ORIENT_OBSERVACIONES) values ('6','2014','2','1',null,null,null,null,null,'6',null,null,null,null,null,null,null,null,null,'15',null);
Insert into ORI14_ORI_UBIC (ORI_ORIENT_UBIC_COD,ORI_ORIENT_ANO,ORI_ENT_COD,ORI_AMB_COD,MUN_PAI,MUN_PRV,MUN_COD,PRV_PAI,ORI_ORIENT_DIRECCION,ORI_ORIENT_HORASSOLICITADAS,ORI_ORIENT_HORASADJ,ORI_ORIENT_DESPACHOS,ORI_ORIENT_AULAGRUPAL,ORI_ORIENT_DESPACHOS_VALIDADOS,ORI_ORIENT_AULAGRUPAL_VALIDADA,ORI_ORIENT_VAL_TRAY,ORI_ORIENT_VAL_UBIC,ORI_ORIENT_VAL_DESPACHOS,ORI_ORIENT_VAL_AULAS,ORI_ORIENT_PUNTUACION,ORI_ORIENT_OBSERVACIONES) values ('7','2014','2','1',null,null,null,null,null,'3',null,null,null,null,null,null,null,null,null,'5',null);
Insert into ORI14_ORI_UBIC (ORI_ORIENT_UBIC_COD,ORI_ORIENT_ANO,ORI_ENT_COD,ORI_AMB_COD,MUN_PAI,MUN_PRV,MUN_COD,PRV_PAI,ORI_ORIENT_DIRECCION,ORI_ORIENT_HORASSOLICITADAS,ORI_ORIENT_HORASADJ,ORI_ORIENT_DESPACHOS,ORI_ORIENT_AULAGRUPAL,ORI_ORIENT_DESPACHOS_VALIDADOS,ORI_ORIENT_AULAGRUPAL_VALIDADA,ORI_ORIENT_VAL_TRAY,ORI_ORIENT_VAL_UBIC,ORI_ORIENT_VAL_DESPACHOS,ORI_ORIENT_VAL_AULAS,ORI_ORIENT_PUNTUACION,ORI_ORIENT_OBSERVACIONES) values ('8','2014','3','2',null,null,null,null,null,'1',null,null,null,null,null,null,null,null,null,'15',null);
*/