INSERT INTO COLEC_AMBITO (COLEC_COD_AMBITO, COLEC_DESC_AMBITO) VALUES ('1', 'ARABA / ÁLAVA');
INSERT INTO COLEC_AMBITO (COLEC_COD_AMBITO, COLEC_DESC_AMBITO) VALUES ('48', 'BIZKAIA');
INSERT INTO COLEC_AMBITO (COLEC_COD_AMBITO, COLEC_DESC_AMBITO) VALUES ('20', 'GIPUZKOA');


INSERT INTO COLEC_COMARCAS (COLEC_COD_COMARCA, COLEC_DESC_COMARCA, COLEC_COD_AMBITO) VALUES (1,'1-BAJO BIDASOA',20);
INSERT INTO COLEC_COMARCAS (COLEC_COD_COMARCA, COLEC_DESC_COMARCA, COLEC_COD_AMBITO) VALUES (2,'2-OARSOALDEA',20);
INSERT INTO COLEC_COMARCAS (COLEC_COD_COMARCA, COLEC_DESC_COMARCA, COLEC_COD_AMBITO) VALUES (3 ,'3-DONOSTIA SAN SEBASTIAN',20);
INSERT INTO COLEC_COMARCAS (COLEC_COD_COMARCA, COLEC_DESC_COMARCA, COLEC_COD_AMBITO) VALUES (4,'4-SANSEBASTIAN OESTE',20);
INSERT INTO COLEC_COMARCAS (COLEC_COD_COMARCA, COLEC_DESC_COMARCA, COLEC_COD_AMBITO) VALUES (5,'5-TOLOSA',20);
INSERT INTO COLEC_COMARCAS (COLEC_COD_COMARCA, COLEC_DESC_COMARCA, COLEC_COD_AMBITO) VALUES (6,'6-UROLA MEDIO',20);
INSERT INTO COLEC_COMARCAS (COLEC_COD_COMARCA, COLEC_DESC_COMARCA, COLEC_COD_AMBITO) VALUES (7,'7-GOIHERRI',20);
INSERT INTO COLEC_COMARCAS (COLEC_COD_COMARCA, COLEC_DESC_COMARCA, COLEC_COD_AMBITO) VALUES (8,'8-ALTO DEBA',20);
INSERT INTO COLEC_COMARCAS (COLEC_COD_COMARCA, COLEC_DESC_COMARCA, COLEC_COD_AMBITO) VALUES (9,'9-BAJO DEBA',20);
INSERT INTO COLEC_COMARCAS (COLEC_COD_COMARCA, COLEC_DESC_COMARCA, COLEC_COD_AMBITO) VALUES (10,'10-ALTO UROLA',20);
INSERT INTO COLEC_COMARCAS (COLEC_COD_COMARCA, COLEC_DESC_COMARCA, COLEC_COD_AMBITO) VALUES (11,'11-COSTA UROLA',20);
INSERT INTO COLEC_COMARCAS (COLEC_COD_COMARCA, COLEC_DESC_COMARCA, COLEC_COD_AMBITO) VALUES (12 ,'12-VITORIA-GASTEIZ',1);
INSERT INTO COLEC_COMARCAS (COLEC_COD_COMARCA, COLEC_DESC_COMARCA, COLEC_COD_AMBITO) VALUES (13 ,'13-VALLE DE AYALA',1);
INSERT INTO COLEC_COMARCAS (COLEC_COD_COMARCA, COLEC_DESC_COMARCA, COLEC_COD_AMBITO) VALUES (14,'14-RIOJA ALAVESA',1);
INSERT INTO COLEC_COMARCAS (COLEC_COD_COMARCA, COLEC_DESC_COMARCA, COLEC_COD_AMBITO) VALUES (15,'15-LLANADA ALAVESA',1);
INSERT INTO COLEC_COMARCAS (COLEC_COD_COMARCA, COLEC_DESC_COMARCA, COLEC_COD_AMBITO) VALUES (16,'16-ESTRIBACIONES DEL GORBEA',1);
INSERT INTO COLEC_COMARCAS (COLEC_COD_COMARCA, COLEC_DESC_COMARCA, COLEC_COD_AMBITO) VALUES (19,'19-GOBELA',48);
INSERT INTO COLEC_COMARCAS (COLEC_COD_COMARCA, COLEC_DESC_COMARCA, COLEC_COD_AMBITO) VALUES (20,'20-TXORIERRI',48);
INSERT INTO COLEC_COMARCAS (COLEC_COD_COMARCA, COLEC_DESC_COMARCA, COLEC_COD_AMBITO) VALUES (21,'21-URIBEALDEA',48);
INSERT INTO COLEC_COMARCAS (COLEC_COD_COMARCA, COLEC_DESC_COMARCA, COLEC_COD_AMBITO) VALUES (22,'22-DURANGUESADO',48);
INSERT INTO COLEC_COMARCAS (COLEC_COD_COMARCA, COLEC_DESC_COMARCA, COLEC_COD_AMBITO) VALUES (23,'23-BUSTURIALDEA',48);
INSERT INTO COLEC_COMARCAS (COLEC_COD_COMARCA, COLEC_DESC_COMARCA, COLEC_COD_AMBITO) VALUES (24,'24-LEA-ARTIBAI',48);
INSERT INTO COLEC_COMARCAS (COLEC_COD_COMARCA, COLEC_DESC_COMARCA, COLEC_COD_AMBITO) VALUES (25,'25-ENCARTACIONES',48);
INSERT INTO COLEC_COMARCAS (COLEC_COD_COMARCA, COLEC_DESC_COMARCA, COLEC_COD_AMBITO) VALUES (26,'26-ARRATIA-AMOREBIETA',48);
INSERT INTO COLEC_COMARCAS (COLEC_COD_COMARCA, COLEC_DESC_COMARCA, COLEC_COD_AMBITO) VALUES (27,'27-ARRATIA-NERBION',48);
INSERT INTO COLEC_COMARCAS (COLEC_COD_COMARCA, COLEC_DESC_COMARCA, COLEC_COD_AMBITO) VALUES (28,'28-BILBAO',48);
INSERT INTO COLEC_COMARCAS (COLEC_COD_COMARCA, COLEC_DESC_COMARCA, COLEC_COD_AMBITO) VALUES (29,'29-MARGEN IZQUIERDA',48);
INSERT INTO COLEC_COMARCAS (COLEC_COD_COMARCA, COLEC_DESC_COMARCA, COLEC_COD_AMBITO) VALUES (30,'30-IBAIZABAL',48);

Insert into COLEC_MUNICIPIO (COLEC_COD_MUN,COLEC_DESC_MUN,COLEC_COD_COMARCA,COLEC_COD_TTHH) values ('65','SORALUCE-PLACENCIA DE LAS ARMAS','9','20');
Insert into COLEC_MUNICIPIO (COLEC_COD_MUN,COLEC_DESC_MUN,COLEC_COD_COMARCA,COLEC_COD_TTHH) values ('901','MENDARO','9','20');
Insert into COLEC_MUNICIPIO (COLEC_COD_MUN,COLEC_DESC_MUN,COLEC_COD_COMARCA,COLEC_COD_TTHH) values ('35','EZKIO-ITSASO','10','20');
Insert into COLEC_MUNICIPIO (COLEC_COD_MUN,COLEC_DESC_MUN,COLEC_COD_COMARCA,COLEC_COD_TTHH) values ('51','LEGAZPI','10','20');
Insert into COLEC_MUNICIPIO (COLEC_COD_MUN,COLEC_DESC_MUN,COLEC_COD_COMARCA,COLEC_COD_TTHH) values ('77','URRETXU','10','20');
Insert into COLEC_MUNICIPIO (COLEC_COD_MUN,COLEC_DESC_MUN,COLEC_COD_COMARCA,COLEC_COD_TTHH) values ('80','ZUMARRAGA','10','20');
Insert into COLEC_MUNICIPIO (COLEC_COD_MUN,COLEC_DESC_MUN,COLEC_COD_COMARCA,COLEC_COD_TTHH) values ('16','AIA','11','20');
Insert into COLEC_MUNICIPIO (COLEC_COD_MUN,COLEC_DESC_MUN,COLEC_COD_COMARCA,COLEC_COD_TTHH) values ('20','BEIZAMA','11','20');
Insert into COLEC_MUNICIPIO (COLEC_COD_MUN,COLEC_DESC_MUN,COLEC_COD_COMARCA,COLEC_COD_TTHH) values ('39','GETARIA','11','20');
Insert into COLEC_MUNICIPIO (COLEC_COD_MUN,COLEC_DESC_MUN,COLEC_COD_COMARCA,COLEC_COD_TTHH) values ('61','ORIO','11','20');
Insert into COLEC_MUNICIPIO (COLEC_COD_MUN,COLEC_DESC_MUN,COLEC_COD_COMARCA,COLEC_COD_TTHH) values ('66','ERREZIL','11','20');
Insert into COLEC_MUNICIPIO (COLEC_COD_MUN,COLEC_DESC_MUN,COLEC_COD_COMARCA,COLEC_COD_TTHH) values ('79','ZARAUTZ','11','20');
Insert into COLEC_MUNICIPIO (COLEC_COD_MUN,COLEC_DESC_MUN,COLEC_COD_COMARCA,COLEC_COD_TTHH) values ('81','ZUMAIA','11','20');
Insert into COLEC_MUNICIPIO (COLEC_COD_MUN,COLEC_DESC_MUN,COLEC_COD_COMARCA,COLEC_COD_TTHH) values ('59','VITORIA-GASTEIZ','12','1');
Insert into COLEC_MUNICIPIO (COLEC_COD_MUN,COLEC_DESC_MUN,COLEC_COD_COMARCA,COLEC_COD_TTHH) values ('901','IRUŃA OKA/IRUŃA DE OCA','12','1');
Insert into COLEC_MUNICIPIO (COLEC_COD_MUN,COLEC_DESC_MUN,COLEC_COD_COMARCA,COLEC_COD_TTHH) values ('4','ARTZINIEGA','13','1');
Insert into COLEC_MUNICIPIO (COLEC_COD_MUN,COLEC_DESC_MUN,COLEC_COD_COMARCA,COLEC_COD_TTHH) values ('36','LLODIO','12','1');
Insert into COLEC_MUNICIPIO (COLEC_COD_MUN,COLEC_DESC_MUN,COLEC_COD_COMARCA,COLEC_COD_TTHH) values ('42','OKONDO','13','1');
Insert into COLEC_MUNICIPIO (COLEC_COD_MUN,COLEC_DESC_MUN,COLEC_COD_COMARCA,COLEC_COD_TTHH) values ('2','AMURRIO','13','1');
Insert into COLEC_MUNICIPIO (COLEC_COD_MUN,COLEC_DESC_MUN,COLEC_COD_COMARCA,COLEC_COD_TTHH) values ('74','URDUŃA-ORDUŃA','13','48');
Insert into COLEC_MUNICIPIO (COLEC_COD_MUN,COLEC_DESC_MUN,COLEC_COD_COMARCA,COLEC_COD_TTHH) values ('11','BAŃOS DE EBRO/MAŃUETA','14','1');
Insert into COLEC_MUNICIPIO (COLEC_COD_MUN,COLEC_DESC_MUN,COLEC_COD_COMARCA,COLEC_COD_TTHH) values ('19','CRIPAN','14','1');
Insert into COLEC_MUNICIPIO (COLEC_COD_MUN,COLEC_DESC_MUN,COLEC_COD_COMARCA,COLEC_COD_TTHH) values ('22','ELCIEGO','14','1');
Insert into COLEC_MUNICIPIO (COLEC_COD_MUN,COLEC_DESC_MUN,COLEC_COD_COMARCA,COLEC_COD_TTHH) values ('23','ELVILLAR','14','1');
Insert into COLEC_MUNICIPIO (COLEC_COD_MUN,COLEC_DESC_MUN,COLEC_COD_COMARCA,COLEC_COD_TTHH) values ('31','LAGUARDIA','14','1');
Insert into COLEC_MUNICIPIO (COLEC_COD_MUN,COLEC_DESC_MUN,COLEC_COD_COMARCA,COLEC_COD_TTHH) values ('32','LANCIEGO','14','1');
Insert into COLEC_MUNICIPIO (COLEC_COD_MUN,COLEC_DESC_MUN,COLEC_COD_COMARCA,COLEC_COD_TTHH) values ('33','LAPUEBLADE LABARCA','14','1');
Insert into COLEC_MUNICIPIO (COLEC_COD_MUN,COLEC_DESC_MUN,COLEC_COD_COMARCA,COLEC_COD_TTHH) values ('34','LEZA','14','1');
Insert into COLEC_MUNICIPIO (COLEC_COD_MUN,COLEC_DESC_MUN,COLEC_COD_COMARCA,COLEC_COD_TTHH) values ('39','MOREDA DE ALAVA','14','1');
Insert into COLEC_MUNICIPIO (COLEC_COD_MUN,COLEC_DESC_MUN,COLEC_COD_COMARCA,COLEC_COD_TTHH) values ('41','NAVARIDAS','14','1');
Insert into COLEC_MUNICIPIO (COLEC_COD_MUN,COLEC_DESC_MUN,COLEC_COD_COMARCA,COLEC_COD_TTHH) values ('43','OYON - OION','14','1');
Insert into COLEC_MUNICIPIO (COLEC_COD_MUN,COLEC_DESC_MUN,COLEC_COD_COMARCA,COLEC_COD_TTHH) values ('52','SAMANIEGO','14','1');
Insert into COLEC_MUNICIPIO (COLEC_COD_MUN,COLEC_DESC_MUN,COLEC_COD_COMARCA,COLEC_COD_TTHH) values ('57','VILLABUENA DE ALAVA','14','1');
Insert into COLEC_MUNICIPIO (COLEC_COD_MUN,COLEC_DESC_MUN,COLEC_COD_COMARCA,COLEC_COD_TTHH) values ('14','ALEGRIA-DULANTZI','15','1');
Insert into COLEC_MUNICIPIO (COLEC_COD_MUN,COLEC_DESC_MUN,COLEC_COD_COMARCA,COLEC_COD_TTHH) values ('8','ARRAZUA-UBARRUNDIA','15','1');
Insert into COLEC_MUNICIPIO (COLEC_COD_MUN,COLEC_DESC_MUN,COLEC_COD_COMARCA,COLEC_COD_TTHH) values ('9','ASPARRENA','15','1');
Insert into COLEC_MUNICIPIO (COLEC_COD_MUN,COLEC_DESC_MUN,COLEC_COD_COMARCA,COLEC_COD_TTHH) values ('13','BARRUNDIA','15','1');
Insert into COLEC_MUNICIPIO (COLEC_COD_MUN,COLEC_DESC_MUN,COLEC_COD_COMARCA,COLEC_COD_TTHH) values ('21','ELBURGO','15','1');
Insert into COLEC_MUNICIPIO (COLEC_COD_MUN,COLEC_DESC_MUN,COLEC_COD_COMARCA,COLEC_COD_TTHH) values ('27','IRURAIZ GAUNA','15','1');
Insert into COLEC_MUNICIPIO (COLEC_COD_MUN,COLEC_DESC_MUN,COLEC_COD_COMARCA,COLEC_COD_TTHH) values ('51','SALVATIERRA-AGURAIN','15','1');
Insert into COLEC_MUNICIPIO (COLEC_COD_MUN,COLEC_DESC_MUN,COLEC_COD_COMARCA,COLEC_COD_TTHH) values ('53','SAN MILLAN','15','1');
Insert into COLEC_MUNICIPIO (COLEC_COD_MUN,COLEC_DESC_MUN,COLEC_COD_COMARCA,COLEC_COD_TTHH) values ('61','ZALDUONDO','15','1');
Insert into COLEC_MUNICIPIO (COLEC_COD_MUN,COLEC_DESC_MUN,COLEC_COD_COMARCA,COLEC_COD_TTHH) values ('3','ARAMAIO','16','1');
Insert into COLEC_MUNICIPIO (COLEC_COD_MUN,COLEC_DESC_MUN,COLEC_COD_COMARCA,COLEC_COD_TTHH) values ('18','ZIGOITIA','16','1');
Insert into COLEC_MUNICIPIO (COLEC_COD_MUN,COLEC_DESC_MUN,COLEC_COD_COMARCA,COLEC_COD_TTHH) values ('54','URKABUSTAIZ','16','1');
Insert into COLEC_MUNICIPIO (COLEC_COD_MUN,COLEC_DESC_MUN,COLEC_COD_COMARCA,COLEC_COD_TTHH) values ('58','LEGUTIANO','16','1');
Insert into COLEC_MUNICIPIO (COLEC_COD_MUN,COLEC_DESC_MUN,COLEC_COD_COMARCA,COLEC_COD_TTHH) values ('63','ZUIA','16','1');
Insert into COLEC_MUNICIPIO (COLEC_COD_MUN,COLEC_DESC_MUN,COLEC_COD_COMARCA,COLEC_COD_TTHH) values ('44','GETXO','19','48');
Insert into COLEC_MUNICIPIO (COLEC_COD_MUN,COLEC_DESC_MUN,COLEC_COD_COMARCA,COLEC_COD_TTHH) values ('54','LEIOA','19','48');
Insert into COLEC_MUNICIPIO (COLEC_COD_MUN,COLEC_DESC_MUN,COLEC_COD_COMARCA,COLEC_COD_TTHH) values ('902','ERANDIO','20','48');
Insert into COLEC_MUNICIPIO (COLEC_COD_MUN,COLEC_DESC_MUN,COLEC_COD_COMARCA,COLEC_COD_TTHH) values ('52','LARRABETZU','20','48');
Insert into COLEC_MUNICIPIO (COLEC_COD_MUN,COLEC_DESC_MUN,COLEC_COD_COMARCA,COLEC_COD_TTHH) values ('81','LEZAMA','20','48');
Insert into COLEC_MUNICIPIO (COLEC_COD_MUN,COLEC_DESC_MUN,COLEC_COD_COMARCA,COLEC_COD_TTHH) values ('901','DERIO','20','48');
Insert into COLEC_MUNICIPIO (COLEC_COD_MUN,COLEC_DESC_MUN,COLEC_COD_COMARCA,COLEC_COD_TTHH) values ('903','LOIU','20','48');
Insert into COLEC_MUNICIPIO (COLEC_COD_MUN,COLEC_DESC_MUN,COLEC_COD_COMARCA,COLEC_COD_TTHH) values ('904','SONDIKA','20','48');
Insert into COLEC_MUNICIPIO (COLEC_COD_MUN,COLEC_DESC_MUN,COLEC_COD_COMARCA,COLEC_COD_TTHH) values ('905','ZAMUDIO','20','48');
Insert into COLEC_MUNICIPIO (COLEC_COD_MUN,COLEC_DESC_MUN,COLEC_COD_COMARCA,COLEC_COD_TTHH) values ('10','ARRIETA','21','48');
Insert into COLEC_MUNICIPIO (COLEC_COD_MUN,COLEC_DESC_MUN,COLEC_COD_COMARCA,COLEC_COD_TTHH) values ('12','BAKIO','21','48');
Insert into COLEC_MUNICIPIO (COLEC_COD_MUN,COLEC_DESC_MUN,COLEC_COD_COMARCA,COLEC_COD_TTHH) values ('35','FRUIZ','21','48');
Insert into COLEC_MUNICIPIO (COLEC_COD_MUN,COLEC_DESC_MUN,COLEC_COD_COMARCA,COLEC_COD_TTHH) values ('38','GAMIZ-FIKA','21','48');
Insert into COLEC_MUNICIPIO (COLEC_COD_MUN,COLEC_DESC_MUN,COLEC_COD_COMARCA,COLEC_COD_TTHH) values ('40','GATIKA','21','48');
Insert into COLEC_MUNICIPIO (COLEC_COD_MUN,COLEC_DESC_MUN,COLEC_COD_COMARCA,COLEC_COD_TTHH) values ('53','LAUKIZ','21','48');
Insert into COLEC_MUNICIPIO (COLEC_COD_MUN,COLEC_DESC_MUN,COLEC_COD_COMARCA,COLEC_COD_TTHH) values ('64','MEŃAKA','21','48');
Insert into COLEC_MUNICIPIO (COLEC_COD_MUN,COLEC_DESC_MUN,COLEC_COD_COMARCA,COLEC_COD_TTHH) values ('69','MUNGIA','21','48');
Insert into COLEC_MUNICIPIO (COLEC_COD_MUN,COLEC_DESC_MUN,COLEC_COD_COMARCA,COLEC_COD_TTHH) values ('56','LEMOIZ','21','48');
Insert into COLEC_MUNICIPIO (COLEC_COD_MUN,COLEC_DESC_MUN,COLEC_COD_COMARCA,COLEC_COD_TTHH) values ('77','PLENTZIA','21','48');
Insert into COLEC_MUNICIPIO (COLEC_COD_MUN,COLEC_DESC_MUN,COLEC_COD_COMARCA,COLEC_COD_TTHH) values ('85','SOPELANA','21','48');
Insert into COLEC_MUNICIPIO (COLEC_COD_MUN,COLEC_DESC_MUN,COLEC_COD_COMARCA,COLEC_COD_TTHH) values ('43','GORLIZ','21','48');
Insert into COLEC_MUNICIPIO (COLEC_COD_MUN,COLEC_DESC_MUN,COLEC_COD_COMARCA,COLEC_COD_TTHH) values ('89','URDULIZ','21','48');
Insert into COLEC_MUNICIPIO (COLEC_COD_MUN,COLEC_DESC_MUN,COLEC_COD_COMARCA,COLEC_COD_TTHH) values ('14','BARRIKA','21','48');
Insert into COLEC_MUNICIPIO (COLEC_COD_MUN,COLEC_DESC_MUN,COLEC_COD_COMARCA,COLEC_COD_TTHH) values ('16','BERANGO','21','48');
Insert into COLEC_MUNICIPIO (COLEC_COD_MUN,COLEC_DESC_MUN,COLEC_COD_COMARCA,COLEC_COD_TTHH) values ('1','ABADIŃO','22','48');
Insert into COLEC_MUNICIPIO (COLEC_COD_MUN,COLEC_DESC_MUN,COLEC_COD_COMARCA,COLEC_COD_TTHH) values ('19','BERRIZ','22','48');
Insert into COLEC_MUNICIPIO (COLEC_COD_MUN,COLEC_DESC_MUN,COLEC_COD_COMARCA,COLEC_COD_TTHH) values ('27','DURANGO','22','48');
Insert into COLEC_MUNICIPIO (COLEC_COD_MUN,COLEC_DESC_MUN,COLEC_COD_COMARCA,COLEC_COD_TTHH) values ('32','ELORRIO','22','48');
Insert into COLEC_MUNICIPIO (COLEC_COD_MUN,COLEC_DESC_MUN,COLEC_COD_COMARCA,COLEC_COD_TTHH) values ('34','ERMUA','22','48');
Insert into COLEC_MUNICIPIO (COLEC_COD_MUN,COLEC_DESC_MUN,COLEC_COD_COMARCA,COLEC_COD_TTHH) values ('39','GARAI','22','48');
Insert into COLEC_MUNICIPIO (COLEC_COD_MUN,COLEC_DESC_MUN,COLEC_COD_COMARCA,COLEC_COD_TTHH) values ('50','IZURTZA','22','48');
Insert into COLEC_MUNICIPIO (COLEC_COD_MUN,COLEC_DESC_MUN,COLEC_COD_COMARCA,COLEC_COD_TTHH) values ('58','MALLABIA','22','48');
Insert into COLEC_MUNICIPIO (COLEC_COD_MUN,COLEC_DESC_MUN,COLEC_COD_COMARCA,COLEC_COD_TTHH) values ('59','MAŃARIA','22','48');
Insert into COLEC_MUNICIPIO (COLEC_COD_MUN,COLEC_DESC_MUN,COLEC_COD_COMARCA,COLEC_COD_TTHH) values ('91','ATXONDO','22','48');
Insert into COLEC_MUNICIPIO (COLEC_COD_MUN,COLEC_DESC_MUN,COLEC_COD_COMARCA,COLEC_COD_TTHH) values ('95','ZALDIBAR','22','48');
Insert into COLEC_MUNICIPIO (COLEC_COD_MUN,COLEC_DESC_MUN,COLEC_COD_COMARCA,COLEC_COD_TTHH) values ('910','IURRETA','22','48');
Insert into COLEC_MUNICIPIO (COLEC_COD_MUN,COLEC_DESC_MUN,COLEC_COD_COMARCA,COLEC_COD_TTHH) values ('17','BERMEO','23','48');
Insert into COLEC_MUNICIPIO (COLEC_COD_MUN,COLEC_DESC_MUN,COLEC_COD_COMARCA,COLEC_COD_TTHH) values ('21','BUSTURIA','23','48');
Insert into COLEC_MUNICIPIO (COLEC_COD_MUN,COLEC_DESC_MUN,COLEC_COD_COMARCA,COLEC_COD_TTHH) values ('76','SUKARRIETA','23','48');
Insert into COLEC_MUNICIPIO (COLEC_COD_MUN,COLEC_DESC_MUN,COLEC_COD_COMARCA,COLEC_COD_TTHH) values ('68','MUNDAKA','23','48');
Insert into COLEC_MUNICIPIO (COLEC_COD_MUN,COLEC_DESC_MUN,COLEC_COD_COMARCA,COLEC_COD_TTHH) values ('28','EA','23','48');
Insert into COLEC_MUNICIPIO (COLEC_COD_MUN,COLEC_DESC_MUN,COLEC_COD_COMARCA,COLEC_COD_TTHH) values ('31','ELANTXOBE','23','48');
Insert into COLEC_MUNICIPIO (COLEC_COD_MUN,COLEC_DESC_MUN,COLEC_COD_COMARCA,COLEC_COD_TTHH) values ('33','EREŃO','23','48');
Insert into COLEC_MUNICIPIO (COLEC_COD_MUN,COLEC_DESC_MUN,COLEC_COD_COMARCA,COLEC_COD_TTHH) values ('41','GAUTEGIZ ARTEAGA','23','48');
Insert into COLEC_MUNICIPIO (COLEC_COD_MUN,COLEC_DESC_MUN,COLEC_COD_COMARCA,COLEC_COD_TTHH) values ('46','GERNIKA-LUMO','23','48');
Insert into COLEC_MUNICIPIO (COLEC_COD_MUN,COLEC_DESC_MUN,COLEC_COD_COMARCA,COLEC_COD_TTHH) values ('48','IBARRANGELU','23','48');
Insert into COLEC_MUNICIPIO (COLEC_COD_MUN,COLEC_DESC_MUN,COLEC_COD_COMARCA,COLEC_COD_TTHH) values ('62','MENDATA','23','48');
Insert into COLEC_MUNICIPIO (COLEC_COD_MUN,COLEC_DESC_MUN,COLEC_COD_COMARCA,COLEC_COD_TTHH) values ('66','MORGA','23','48');
Insert into COLEC_MUNICIPIO (COLEC_COD_MUN,COLEC_DESC_MUN,COLEC_COD_COMARCA,COLEC_COD_TTHH) values ('67','MUXIKA','23','48');
Insert into COLEC_MUNICIPIO (COLEC_COD_MUN,COLEC_DESC_MUN,COLEC_COD_COMARCA,COLEC_COD_TTHH) values ('79','ERRIGOITI','23','48');
Insert into COLEC_MUNICIPIO (COLEC_COD_MUN,COLEC_DESC_MUN,COLEC_COD_COMARCA,COLEC_COD_TTHH) values ('906','FORUA','23','48');
Insert into COLEC_MUNICIPIO (COLEC_COD_MUN,COLEC_DESC_MUN,COLEC_COD_COMARCA,COLEC_COD_TTHH) values ('907','KORTEZUBI','23','48');
Insert into COLEC_MUNICIPIO (COLEC_COD_MUN,COLEC_DESC_MUN,COLEC_COD_COMARCA,COLEC_COD_TTHH) values ('908','MURUETA','23','48');
Insert into COLEC_MUNICIPIO (COLEC_COD_MUN,COLEC_DESC_MUN,COLEC_COD_COMARCA,COLEC_COD_TTHH) values ('909','NABARNIZ','23','48');
Insert into COLEC_MUNICIPIO (COLEC_COD_MUN,COLEC_DESC_MUN,COLEC_COD_COMARCA,COLEC_COD_TTHH) values ('911','AJANGIZ','23','48');
Insert into COLEC_MUNICIPIO (COLEC_COD_MUN,COLEC_DESC_MUN,COLEC_COD_COMARCA,COLEC_COD_TTHH) values ('914','ARRATZU','23','48');
Insert into COLEC_MUNICIPIO (COLEC_COD_MUN,COLEC_DESC_MUN,COLEC_COD_COMARCA,COLEC_COD_TTHH) values ('4','AMOROTO','24','48');
Insert into COLEC_MUNICIPIO (COLEC_COD_MUN,COLEC_DESC_MUN,COLEC_COD_COMARCA,COLEC_COD_TTHH) values ('7','MUNITIBAR-ARBATZEGI GERRIKAITZ','24','48');
Insert into COLEC_MUNICIPIO (COLEC_COD_MUN,COLEC_DESC_MUN,COLEC_COD_COMARCA,COLEC_COD_TTHH) values ('18','BERRIATUA','24','48');
Insert into COLEC_MUNICIPIO (COLEC_COD_MUN,COLEC_DESC_MUN,COLEC_COD_COMARCA,COLEC_COD_TTHH) values ('30','ETXEBARRIA','24','48');
Insert into COLEC_MUNICIPIO (COLEC_COD_MUN,COLEC_DESC_MUN,COLEC_COD_COMARCA,COLEC_COD_TTHH) values ('47','GIZABURUAGA','24','48');
Insert into COLEC_MUNICIPIO (COLEC_COD_MUN,COLEC_DESC_MUN,COLEC_COD_COMARCA,COLEC_COD_TTHH) values ('49','ISPASTER','24','48');
Insert into COLEC_MUNICIPIO (COLEC_COD_MUN,COLEC_DESC_MUN,COLEC_COD_COMARCA,COLEC_COD_TTHH) values ('57','LEKEITIO','24','48');
Insert into COLEC_MUNICIPIO (COLEC_COD_MUN,COLEC_DESC_MUN,COLEC_COD_COMARCA,COLEC_COD_TTHH) values ('60','MARKINA-XEMEIN','24','48');
Insert into COLEC_MUNICIPIO (COLEC_COD_MUN,COLEC_DESC_MUN,COLEC_COD_COMARCA,COLEC_COD_TTHH) values ('63','MENDEXA','24','48');
Insert into COLEC_MUNICIPIO (COLEC_COD_MUN,COLEC_DESC_MUN,COLEC_COD_COMARCA,COLEC_COD_TTHH) values ('70','AULESTI','24','48');
Insert into COLEC_MUNICIPIO (COLEC_COD_MUN,COLEC_DESC_MUN,COLEC_COD_COMARCA,COLEC_COD_TTHH) values ('73','ONDARROA','24','48');
Insert into COLEC_MUNICIPIO (COLEC_COD_MUN,COLEC_DESC_MUN,COLEC_COD_COMARCA,COLEC_COD_TTHH) values ('915','BOLIBAR','24','48');
Insert into COLEC_MUNICIPIO (COLEC_COD_MUN,COLEC_DESC_MUN,COLEC_COD_COMARCA,COLEC_COD_TTHH) values ('8','ARCENTALES','25','48');
Insert into COLEC_MUNICIPIO (COLEC_COD_MUN,COLEC_DESC_MUN,COLEC_COD_COMARCA,COLEC_COD_TTHH) values ('22','CARRANZA','25','48');
Insert into COLEC_MUNICIPIO (COLEC_COD_MUN,COLEC_DESC_MUN,COLEC_COD_COMARCA,COLEC_COD_TTHH) values ('51','LANESTOSA','25','48');
Insert into COLEC_MUNICIPIO (COLEC_COD_MUN,COLEC_DESC_MUN,COLEC_COD_COMARCA,COLEC_COD_TTHH) values ('86','SOPUERTA','25','48');
Insert into COLEC_MUNICIPIO (COLEC_COD_MUN,COLEC_DESC_MUN,COLEC_COD_COMARCA,COLEC_COD_TTHH) values ('87','TRUCIOS-TURTZIOZ','25','48');
Insert into COLEC_MUNICIPIO (COLEC_COD_MUN,COLEC_DESC_MUN,COLEC_COD_COMARCA,COLEC_COD_TTHH) values ('90','BALMASEDA','25','48');
Insert into COLEC_MUNICIPIO (COLEC_COD_MUN,COLEC_DESC_MUN,COLEC_COD_COMARCA,COLEC_COD_TTHH) values ('37','GALDAMES','25','48');
Insert into COLEC_MUNICIPIO (COLEC_COD_MUN,COLEC_DESC_MUN,COLEC_COD_COMARCA,COLEC_COD_TTHH) values ('42','GORDEXOLA','25','48');
Insert into COLEC_MUNICIPIO (COLEC_COD_MUN,COLEC_DESC_MUN,COLEC_COD_COMARCA,COLEC_COD_TTHH) values ('45','GÜEŃES','25','48');
Insert into COLEC_MUNICIPIO (COLEC_COD_MUN,COLEC_DESC_MUN,COLEC_COD_COMARCA,COLEC_COD_TTHH) values ('96','ZALLA','25','48');
Insert into COLEC_MUNICIPIO (COLEC_COD_MUN,COLEC_DESC_MUN,COLEC_COD_COMARCA,COLEC_COD_TTHH) values ('6','ARANTZAZU','26','48');
Insert into COLEC_MUNICIPIO (COLEC_COD_MUN,COLEC_DESC_MUN,COLEC_COD_COMARCA,COLEC_COD_TTHH) values ('23','ARTEA','26','48');
Insert into COLEC_MUNICIPIO (COLEC_COD_MUN,COLEC_DESC_MUN,COLEC_COD_COMARCA,COLEC_COD_TTHH) values ('24','ZEANURI','26','48');
Insert into COLEC_MUNICIPIO (COLEC_COD_MUN,COLEC_DESC_MUN,COLEC_COD_COMARCA,COLEC_COD_TTHH) values ('26','DIMA','26','48');
Insert into COLEC_MUNICIPIO (COLEC_COD_MUN,COLEC_DESC_MUN,COLEC_COD_COMARCA,COLEC_COD_TTHH) values ('55','LEMOA','26','48');
Insert into COLEC_MUNICIPIO (COLEC_COD_MUN,COLEC_DESC_MUN,COLEC_COD_COMARCA,COLEC_COD_TTHH) values ('72','OTXANDIO','26','48');
Insert into COLEC_MUNICIPIO (COLEC_COD_MUN,COLEC_DESC_MUN,COLEC_COD_COMARCA,COLEC_COD_TTHH) values ('88','UBIDEA','26','48');
Insert into COLEC_MUNICIPIO (COLEC_COD_MUN,COLEC_DESC_MUN,COLEC_COD_COMARCA,COLEC_COD_TTHH) values ('92','BEDIA','26','48');
Insert into COLEC_MUNICIPIO (COLEC_COD_MUN,COLEC_DESC_MUN,COLEC_COD_COMARCA,COLEC_COD_TTHH) values ('93','AREATZA','26','48');
Insert into COLEC_MUNICIPIO (COLEC_COD_MUN,COLEC_DESC_MUN,COLEC_COD_COMARCA,COLEC_COD_TTHH) values ('94','IGORRE','26','48');
Insert into COLEC_MUNICIPIO (COLEC_COD_MUN,COLEC_DESC_MUN,COLEC_COD_COMARCA,COLEC_COD_TTHH) values ('3','AMOREBIETA-ETXANO','26','48');
Insert into COLEC_MUNICIPIO (COLEC_COD_MUN,COLEC_DESC_MUN,COLEC_COD_COMARCA,COLEC_COD_TTHH) values ('5','ARAKALDO','27','48');
Insert into COLEC_MUNICIPIO (COLEC_COD_MUN,COLEC_DESC_MUN,COLEC_COD_COMARCA,COLEC_COD_TTHH) values ('9','ARRANKUDIAGA','27','48');
Insert into COLEC_MUNICIPIO (COLEC_COD_MUN,COLEC_DESC_MUN,COLEC_COD_COMARCA,COLEC_COD_TTHH) values ('11','ARRIGORRIAGA','27','48');
Insert into COLEC_MUNICIPIO (COLEC_COD_MUN,COLEC_DESC_MUN,COLEC_COD_COMARCA,COLEC_COD_TTHH) values ('25','ZEBERIO','27','48');
Insert into COLEC_MUNICIPIO (COLEC_COD_MUN,COLEC_DESC_MUN,COLEC_COD_COMARCA,COLEC_COD_TTHH) values ('65','UGAO-MIRABALLES','27','48');
Insert into COLEC_MUNICIPIO (COLEC_COD_MUN,COLEC_DESC_MUN,COLEC_COD_COMARCA,COLEC_COD_TTHH) values ('75','OROZKO','27','48');
Insert into COLEC_MUNICIPIO (COLEC_COD_MUN,COLEC_DESC_MUN,COLEC_COD_COMARCA,COLEC_COD_TTHH) values ('912','ALONSOTEGI','27','48');
Insert into COLEC_MUNICIPIO (COLEC_COD_MUN,COLEC_DESC_MUN,COLEC_COD_COMARCA,COLEC_COD_TTHH) values ('97','ZARATAMO','27','48');
Insert into COLEC_MUNICIPIO (COLEC_COD_MUN,COLEC_DESC_MUN,COLEC_COD_COMARCA,COLEC_COD_TTHH) values ('20','BILBAO','28','48');
Insert into COLEC_MUNICIPIO (COLEC_COD_MUN,COLEC_DESC_MUN,COLEC_COD_COMARCA,COLEC_COD_TTHH) values ('13','BARAKALDO','29','48');
Insert into COLEC_MUNICIPIO (COLEC_COD_MUN,COLEC_DESC_MUN,COLEC_COD_COMARCA,COLEC_COD_TTHH) values ('78','PORTUGALETE','29','48');
Insert into COLEC_MUNICIPIO (COLEC_COD_MUN,COLEC_DESC_MUN,COLEC_COD_COMARCA,COLEC_COD_TTHH) values ('83','ORTUELLA','29','48');
Insert into COLEC_MUNICIPIO (COLEC_COD_MUN,COLEC_DESC_MUN,COLEC_COD_COMARCA,COLEC_COD_TTHH) values ('2','ABANTO Y CIERVANA-ABANTO','29','48');
Insert into COLEC_MUNICIPIO (COLEC_COD_MUN,COLEC_DESC_MUN,COLEC_COD_COMARCA,COLEC_COD_TTHH) values ('913','ZIERBENA','29','48');
Insert into COLEC_MUNICIPIO (COLEC_COD_MUN,COLEC_DESC_MUN,COLEC_COD_COMARCA,COLEC_COD_TTHH) values ('71','MUSKIZ','29','48');
Insert into COLEC_MUNICIPIO (COLEC_COD_MUN,COLEC_DESC_MUN,COLEC_COD_COMARCA,COLEC_COD_TTHH) values ('82','SANTURTZI','29','48');
Insert into COLEC_MUNICIPIO (COLEC_COD_MUN,COLEC_DESC_MUN,COLEC_COD_COMARCA,COLEC_COD_TTHH) values ('84','SESTAO','29','48');
Insert into COLEC_MUNICIPIO (COLEC_COD_MUN,COLEC_DESC_MUN,COLEC_COD_COMARCA,COLEC_COD_TTHH) values ('80','VALLE DE TRAPAGA-TRAPAGARAN','29','48');
Insert into COLEC_MUNICIPIO (COLEC_COD_MUN,COLEC_DESC_MUN,COLEC_COD_COMARCA,COLEC_COD_TTHH) values ('15','BASAURI','30','48');
Insert into COLEC_MUNICIPIO (COLEC_COD_MUN,COLEC_DESC_MUN,COLEC_COD_COMARCA,COLEC_COD_TTHH) values ('29','ETXEBARRI','30','48');
Insert into COLEC_MUNICIPIO (COLEC_COD_MUN,COLEC_DESC_MUN,COLEC_COD_COMARCA,COLEC_COD_TTHH) values ('36','GALDAKAO','30','48');
Insert into COLEC_MUNICIPIO (COLEC_COD_MUN,COLEC_DESC_MUN,COLEC_COD_COMARCA,COLEC_COD_TTHH) values ('36','HONDARRIBIA','1','20');
Insert into COLEC_MUNICIPIO (COLEC_COD_MUN,COLEC_DESC_MUN,COLEC_COD_COMARCA,COLEC_COD_TTHH) values ('45','IRUN','1','20');
Insert into COLEC_MUNICIPIO (COLEC_COD_MUN,COLEC_DESC_MUN,COLEC_COD_COMARCA,COLEC_COD_TTHH) values ('53','LEZO','2','20');
Insert into COLEC_MUNICIPIO (COLEC_COD_MUN,COLEC_DESC_MUN,COLEC_COD_COMARCA,COLEC_COD_TTHH) values ('63','OIARTZUN','2','20');
Insert into COLEC_MUNICIPIO (COLEC_COD_MUN,COLEC_DESC_MUN,COLEC_COD_COMARCA,COLEC_COD_TTHH) values ('64','PASAIA','2','20');
Insert into COLEC_MUNICIPIO (COLEC_COD_MUN,COLEC_DESC_MUN,COLEC_COD_COMARCA,COLEC_COD_TTHH) values ('67','ERRENTERIA','2','20');
Insert into COLEC_MUNICIPIO (COLEC_COD_MUN,COLEC_DESC_MUN,COLEC_COD_COMARCA,COLEC_COD_TTHH) values ('69','DONOSTIA-SAN SEBASTIAN','3','20');
Insert into COLEC_MUNICIPIO (COLEC_COD_MUN,COLEC_DESC_MUN,COLEC_COD_COMARCA,COLEC_COD_TTHH) values ('9','ANDOAIN ','4','20');
Insert into COLEC_MUNICIPIO (COLEC_COD_MUN,COLEC_DESC_MUN,COLEC_COD_COMARCA,COLEC_COD_TTHH) values ('903','ASTIGARRAGA','4','20');
Insert into COLEC_MUNICIPIO (COLEC_COD_MUN,COLEC_DESC_MUN,COLEC_COD_COMARCA,COLEC_COD_TTHH) values ('40','HERNANI','4','20');
Insert into COLEC_MUNICIPIO (COLEC_COD_MUN,COLEC_DESC_MUN,COLEC_COD_COMARCA,COLEC_COD_TTHH) values ('902','LASARTE-ORIA','4','20');
Insert into COLEC_MUNICIPIO (COLEC_COD_MUN,COLEC_DESC_MUN,COLEC_COD_COMARCA,COLEC_COD_TTHH) values ('73','USURBIL','4','20');
Insert into COLEC_MUNICIPIO (COLEC_COD_MUN,COLEC_DESC_MUN,COLEC_COD_COMARCA,COLEC_COD_TTHH) values ('72','URNIETA','4','20');
Insert into COLEC_MUNICIPIO (COLEC_COD_MUN,COLEC_DESC_MUN,COLEC_COD_COMARCA,COLEC_COD_TTHH) values ('1','ABALTZISKETA','5','20');
Insert into COLEC_MUNICIPIO (COLEC_COD_MUN,COLEC_DESC_MUN,COLEC_COD_COMARCA,COLEC_COD_TTHH) values ('2','ADUNA','5','20');
Insert into COLEC_MUNICIPIO (COLEC_COD_MUN,COLEC_DESC_MUN,COLEC_COD_COMARCA,COLEC_COD_TTHH) values ('4','ALBIZTUR','5','20');
Insert into COLEC_MUNICIPIO (COLEC_COD_MUN,COLEC_DESC_MUN,COLEC_COD_COMARCA,COLEC_COD_TTHH) values ('5','ALEGIA','5','20');
Insert into COLEC_MUNICIPIO (COLEC_COD_MUN,COLEC_DESC_MUN,COLEC_COD_COMARCA,COLEC_COD_TTHH) values ('6','ALKIZA','5','20');
Insert into COLEC_MUNICIPIO (COLEC_COD_MUN,COLEC_DESC_MUN,COLEC_COD_COMARCA,COLEC_COD_TTHH) values ('7','ALTZO','5','20');
Insert into COLEC_MUNICIPIO (COLEC_COD_MUN,COLEC_DESC_MUN,COLEC_COD_COMARCA,COLEC_COD_TTHH) values ('8','AMEZKETA','5','20');
Insert into COLEC_MUNICIPIO (COLEC_COD_MUN,COLEC_DESC_MUN,COLEC_COD_COMARCA,COLEC_COD_TTHH) values ('10','ANOETA','5','20');
Insert into COLEC_MUNICIPIO (COLEC_COD_MUN,COLEC_DESC_MUN,COLEC_COD_COMARCA,COLEC_COD_TTHH) values ('14','ASTEASU','5','20');
Insert into COLEC_MUNICIPIO (COLEC_COD_MUN,COLEC_DESC_MUN,COLEC_COD_COMARCA,COLEC_COD_TTHH) values ('21','BELAUNTZA','5','20');
Insert into COLEC_MUNICIPIO (COLEC_COD_MUN,COLEC_DESC_MUN,COLEC_COD_COMARCA,COLEC_COD_TTHH) values ('22','BERASTEGI','5','20');
Insert into COLEC_MUNICIPIO (COLEC_COD_MUN,COLEC_DESC_MUN,COLEC_COD_COMARCA,COLEC_COD_TTHH) values ('23','BERROBI','5','20');
Insert into COLEC_MUNICIPIO (COLEC_COD_MUN,COLEC_DESC_MUN,COLEC_COD_COMARCA,COLEC_COD_TTHH) values ('24','BIDEGOIAN','5','20');
Insert into COLEC_MUNICIPIO (COLEC_COD_MUN,COLEC_DESC_MUN,COLEC_COD_COMARCA,COLEC_COD_TTHH) values ('28','ZIZURKIL','5','20');
Insert into COLEC_MUNICIPIO (COLEC_COD_MUN,COLEC_DESC_MUN,COLEC_COD_COMARCA,COLEC_COD_TTHH) values ('31','ELDUAIN','5','20');
Insert into COLEC_MUNICIPIO (COLEC_COD_MUN,COLEC_DESC_MUN,COLEC_COD_COMARCA,COLEC_COD_TTHH) values ('41','HERNIALDE','5','20');
Insert into COLEC_MUNICIPIO (COLEC_COD_MUN,COLEC_DESC_MUN,COLEC_COD_COMARCA,COLEC_COD_TTHH) values ('42','IBARRA','5','20');
Insert into COLEC_MUNICIPIO (COLEC_COD_MUN,COLEC_DESC_MUN,COLEC_COD_COMARCA,COLEC_COD_TTHH) values ('44','IKAZTEGIETA','5','20');
Insert into COLEC_MUNICIPIO (COLEC_COD_MUN,COLEC_DESC_MUN,COLEC_COD_COMARCA,COLEC_COD_TTHH) values ('46','IRURA','5','20');
Insert into COLEC_MUNICIPIO (COLEC_COD_MUN,COLEC_DESC_MUN,COLEC_COD_COMARCA,COLEC_COD_TTHH) values ('48','LARRAUL','5','20');
Insert into COLEC_MUNICIPIO (COLEC_COD_MUN,COLEC_DESC_MUN,COLEC_COD_COMARCA,COLEC_COD_TTHH) values ('50','LEABURU','5','20');
Insert into COLEC_MUNICIPIO (COLEC_COD_MUN,COLEC_DESC_MUN,COLEC_COD_COMARCA,COLEC_COD_TTHH) values ('52','LEGORRETA','5','20');
Insert into COLEC_MUNICIPIO (COLEC_COD_MUN,COLEC_DESC_MUN,COLEC_COD_COMARCA,COLEC_COD_TTHH) values ('54','LIZARTZA','5','20');
Insert into COLEC_MUNICIPIO (COLEC_COD_MUN,COLEC_DESC_MUN,COLEC_COD_COMARCA,COLEC_COD_TTHH) values ('60','OREXA','5','20');
Insert into COLEC_MUNICIPIO (COLEC_COD_MUN,COLEC_DESC_MUN,COLEC_COD_COMARCA,COLEC_COD_TTHH) values ('71','TOLOSA','5','20');
Insert into COLEC_MUNICIPIO (COLEC_COD_MUN,COLEC_DESC_MUN,COLEC_COD_COMARCA,COLEC_COD_TTHH) values ('75','VILLABONA','5','20');
Insert into COLEC_MUNICIPIO (COLEC_COD_MUN,COLEC_DESC_MUN,COLEC_COD_COMARCA,COLEC_COD_TTHH) values ('904','BALIARRAIN','5','20');
Insert into COLEC_MUNICIPIO (COLEC_COD_MUN,COLEC_DESC_MUN,COLEC_COD_COMARCA,COLEC_COD_TTHH) values ('905','ORENDAIN','5','20');
Insert into COLEC_MUNICIPIO (COLEC_COD_MUN,COLEC_DESC_MUN,COLEC_COD_COMARCA,COLEC_COD_TTHH) values ('907','GAZTELU','5','20');
Insert into COLEC_MUNICIPIO (COLEC_COD_MUN,COLEC_DESC_MUN,COLEC_COD_COMARCA,COLEC_COD_TTHH) values ('17','AZKOITIA','6','20');
Insert into COLEC_MUNICIPIO (COLEC_COD_MUN,COLEC_DESC_MUN,COLEC_COD_COMARCA,COLEC_COD_TTHH) values ('3','AIZARNAZABAL','6','20');
Insert into COLEC_MUNICIPIO (COLEC_COD_MUN,COLEC_DESC_MUN,COLEC_COD_COMARCA,COLEC_COD_TTHH) values ('18','AZPEITIA','6','20');
Insert into COLEC_MUNICIPIO (COLEC_COD_MUN,COLEC_DESC_MUN,COLEC_COD_COMARCA,COLEC_COD_TTHH) values ('27','ZESTOA','6','20');
Insert into COLEC_MUNICIPIO (COLEC_COD_MUN,COLEC_DESC_MUN,COLEC_COD_COMARCA,COLEC_COD_TTHH) values ('12','ARAMA','7','20');
Insert into COLEC_MUNICIPIO (COLEC_COD_MUN,COLEC_DESC_MUN,COLEC_COD_COMARCA,COLEC_COD_TTHH) values ('15','ATAUN','7','20');
Insert into COLEC_MUNICIPIO (COLEC_COD_MUN,COLEC_DESC_MUN,COLEC_COD_COMARCA,COLEC_COD_TTHH) values ('19','BEASAIN','7','20');
Insert into COLEC_MUNICIPIO (COLEC_COD_MUN,COLEC_DESC_MUN,COLEC_COD_COMARCA,COLEC_COD_TTHH) values ('25','ZEGAMA','7','20');
Insert into COLEC_MUNICIPIO (COLEC_COD_MUN,COLEC_DESC_MUN,COLEC_COD_COMARCA,COLEC_COD_TTHH) values ('26','ZERAIN','7','20');
Insert into COLEC_MUNICIPIO (COLEC_COD_MUN,COLEC_DESC_MUN,COLEC_COD_COMARCA,COLEC_COD_TTHH) values ('37','GAINTZA','7','20');
Insert into COLEC_MUNICIPIO (COLEC_COD_MUN,COLEC_DESC_MUN,COLEC_COD_COMARCA,COLEC_COD_TTHH) values ('38','GABIRIA','7','20');
Insert into COLEC_MUNICIPIO (COLEC_COD_MUN,COLEC_DESC_MUN,COLEC_COD_COMARCA,COLEC_COD_TTHH) values ('43','IDIAZABAL','7','20');
Insert into COLEC_MUNICIPIO (COLEC_COD_MUN,COLEC_DESC_MUN,COLEC_COD_COMARCA,COLEC_COD_TTHH) values ('47','ITSASONDO','7','20');
Insert into COLEC_MUNICIPIO (COLEC_COD_MUN,COLEC_DESC_MUN,COLEC_COD_COMARCA,COLEC_COD_TTHH) values ('49','LAZKAO','7','20');
Insert into COLEC_MUNICIPIO (COLEC_COD_MUN,COLEC_DESC_MUN,COLEC_COD_COMARCA,COLEC_COD_TTHH) values ('57','MUTILOA','7','20');
Insert into COLEC_MUNICIPIO (COLEC_COD_MUN,COLEC_DESC_MUN,COLEC_COD_COMARCA,COLEC_COD_TTHH) values ('58','OLABERRIA','7','20');
Insert into COLEC_MUNICIPIO (COLEC_COD_MUN,COLEC_DESC_MUN,COLEC_COD_COMARCA,COLEC_COD_TTHH) values ('62','ORMAIZTEGI','7','20');
Insert into COLEC_MUNICIPIO (COLEC_COD_MUN,COLEC_DESC_MUN,COLEC_COD_COMARCA,COLEC_COD_TTHH) values ('70','SEGURA','7','20');
Insert into COLEC_MUNICIPIO (COLEC_COD_MUN,COLEC_DESC_MUN,COLEC_COD_COMARCA,COLEC_COD_TTHH) values ('76','ORDIZIA','7','20');
Insert into COLEC_MUNICIPIO (COLEC_COD_MUN,COLEC_DESC_MUN,COLEC_COD_COMARCA,COLEC_COD_TTHH) values ('78','ZALDIBIA','7','20');
Insert into COLEC_MUNICIPIO (COLEC_COD_MUN,COLEC_DESC_MUN,COLEC_COD_COMARCA,COLEC_COD_TTHH) values ('906','ALTZAGA','7','20');
Insert into COLEC_MUNICIPIO (COLEC_COD_MUN,COLEC_DESC_MUN,COLEC_COD_COMARCA,COLEC_COD_TTHH) values ('11','ANTZUOLA','8','20');
Insert into COLEC_MUNICIPIO (COLEC_COD_MUN,COLEC_DESC_MUN,COLEC_COD_COMARCA,COLEC_COD_TTHH) values ('13','ARETXABALETA','8','20');
Insert into COLEC_MUNICIPIO (COLEC_COD_MUN,COLEC_DESC_MUN,COLEC_COD_COMARCA,COLEC_COD_TTHH) values ('33','ELGETA','8','20');
Insert into COLEC_MUNICIPIO (COLEC_COD_MUN,COLEC_DESC_MUN,COLEC_COD_COMARCA,COLEC_COD_TTHH) values ('34','ESKORIATZA','8','20');
Insert into COLEC_MUNICIPIO (COLEC_COD_MUN,COLEC_DESC_MUN,COLEC_COD_COMARCA,COLEC_COD_TTHH) values ('55','ARRASATE/MONDRAGON','8','20');
Insert into COLEC_MUNICIPIO (COLEC_COD_MUN,COLEC_DESC_MUN,COLEC_COD_COMARCA,COLEC_COD_TTHH) values ('59','OŃATI','8','20');
Insert into COLEC_MUNICIPIO (COLEC_COD_MUN,COLEC_DESC_MUN,COLEC_COD_COMARCA,COLEC_COD_TTHH) values ('68','LEINTZ-GATZAGA','8','20');
Insert into COLEC_MUNICIPIO (COLEC_COD_MUN,COLEC_DESC_MUN,COLEC_COD_COMARCA,COLEC_COD_TTHH) values ('74','BERGARA','8','20');
Insert into COLEC_MUNICIPIO (COLEC_COD_MUN,COLEC_DESC_MUN,COLEC_COD_COMARCA,COLEC_COD_TTHH) values ('30','EIBAR','9','20');
Insert into COLEC_MUNICIPIO (COLEC_COD_MUN,COLEC_DESC_MUN,COLEC_COD_COMARCA,COLEC_COD_TTHH) values ('29','DEBA','9','20');
Insert into COLEC_MUNICIPIO (COLEC_COD_MUN,COLEC_DESC_MUN,COLEC_COD_COMARCA,COLEC_COD_TTHH) values ('32','ELGOIBAR','9','20');
Insert into COLEC_MUNICIPIO (COLEC_COD_MUN,COLEC_DESC_MUN,COLEC_COD_COMARCA,COLEC_COD_TTHH) values ('56','MUTRIKU','9','20');

INSERT INTO COLEC_CENTR_MINIMOS ( COLEC_COD_CENTR_MINIMOS,COLEC_EXP_EJE,COLEC_COLECTIVO ,COLEC_AMBITO ,COLEC_COMARCAS) VALUES (COLEC_CENTR_MINIMOS_SQ.nextval,2017,1,1,'12');
INSERT INTO COLEC_CENTR_MINIMOS ( COLEC_COD_CENTR_MINIMOS,COLEC_EXP_EJE,COLEC_COLECTIVO ,COLEC_AMBITO ,COLEC_COMARCAS) VALUES (COLEC_CENTR_MINIMOS_SQ.nextval,2017,1,48,'28,30');
INSERT INTO COLEC_CENTR_MINIMOS ( COLEC_COD_CENTR_MINIMOS,COLEC_EXP_EJE,COLEC_COLECTIVO ,COLEC_AMBITO ,COLEC_COMARCAS) VALUES (COLEC_CENTR_MINIMOS_SQ.nextval,2017,1,20,'3,4');
INSERT INTO COLEC_CENTR_MINIMOS ( COLEC_COD_CENTR_MINIMOS,COLEC_EXP_EJE,COLEC_COLECTIVO ,COLEC_AMBITO ,COLEC_COMARCAS) VALUES (COLEC_CENTR_MINIMOS_SQ.nextval,2017,2,1,'12');
INSERT INTO COLEC_CENTR_MINIMOS ( COLEC_COD_CENTR_MINIMOS,COLEC_EXP_EJE,COLEC_COLECTIVO ,COLEC_AMBITO ,COLEC_COMARCAS) VALUES (COLEC_CENTR_MINIMOS_SQ.nextval,2017,2,48,'28');
INSERT INTO COLEC_CENTR_MINIMOS ( COLEC_COD_CENTR_MINIMOS,COLEC_EXP_EJE,COLEC_COLECTIVO ,COLEC_AMBITO ,COLEC_COMARCAS) VALUES (COLEC_CENTR_MINIMOS_SQ.nextval,2017,2,48,'29');
INSERT INTO COLEC_CENTR_MINIMOS ( COLEC_COD_CENTR_MINIMOS,COLEC_EXP_EJE,COLEC_COLECTIVO ,COLEC_AMBITO ,COLEC_COMARCAS) VALUES (COLEC_CENTR_MINIMOS_SQ.nextval,2017,2,20,'1,3,4');
INSERT INTO COLEC_CENTR_MINIMOS ( COLEC_COD_CENTR_MINIMOS,COLEC_EXP_EJE,COLEC_COLECTIVO ,COLEC_AMBITO ,COLEC_COMARCAS) VALUES (COLEC_CENTR_MINIMOS_SQ.nextval,2017,3,1,'12,15');
INSERT INTO COLEC_CENTR_MINIMOS ( COLEC_COD_CENTR_MINIMOS,COLEC_EXP_EJE,COLEC_COLECTIVO ,COLEC_AMBITO ,COLEC_COMARCAS) VALUES (COLEC_CENTR_MINIMOS_SQ.nextval,2017,3,1,'13,16');
INSERT INTO COLEC_CENTR_MINIMOS ( COLEC_COD_CENTR_MINIMOS,COLEC_EXP_EJE,COLEC_COLECTIVO ,COLEC_AMBITO ,COLEC_COMARCAS) VALUES (COLEC_CENTR_MINIMOS_SQ.nextval,2017,3,48,'28 ');
INSERT INTO COLEC_CENTR_MINIMOS ( COLEC_COD_CENTR_MINIMOS,COLEC_EXP_EJE,COLEC_COLECTIVO ,COLEC_AMBITO ,COLEC_COMARCAS) VALUES (COLEC_CENTR_MINIMOS_SQ.nextval,2017,3,48,'5,29');
INSERT INTO COLEC_CENTR_MINIMOS ( COLEC_COD_CENTR_MINIMOS,COLEC_EXP_EJE,COLEC_COLECTIVO ,COLEC_AMBITO ,COLEC_COMARCAS) VALUES (COLEC_CENTR_MINIMOS_SQ.nextval,2017,3,48,'19,20,21,23');
INSERT INTO COLEC_CENTR_MINIMOS ( COLEC_COD_CENTR_MINIMOS,COLEC_EXP_EJE,COLEC_COLECTIVO ,COLEC_AMBITO ,COLEC_COMARCAS) VALUES (COLEC_CENTR_MINIMOS_SQ.nextval,2017,3,48,'26,27,30');
INSERT INTO COLEC_CENTR_MINIMOS ( COLEC_COD_CENTR_MINIMOS,COLEC_EXP_EJE,COLEC_COLECTIVO ,COLEC_AMBITO ,COLEC_COMARCAS) VALUES (COLEC_CENTR_MINIMOS_SQ.nextval,2017,3,48,'22,24');
INSERT INTO COLEC_CENTR_MINIMOS ( COLEC_COD_CENTR_MINIMOS,COLEC_EXP_EJE,COLEC_COLECTIVO ,COLEC_AMBITO ,COLEC_COMARCAS) VALUES (COLEC_CENTR_MINIMOS_SQ.nextval,2017,3,20,'1,2,3,4');
INSERT INTO COLEC_CENTR_MINIMOS ( COLEC_COD_CENTR_MINIMOS,COLEC_EXP_EJE,COLEC_COLECTIVO ,COLEC_AMBITO ,COLEC_COMARCAS) VALUES (COLEC_CENTR_MINIMOS_SQ.nextval,2017,3,20,'5,7,10');
INSERT INTO COLEC_CENTR_MINIMOS ( COLEC_COD_CENTR_MINIMOS,COLEC_EXP_EJE,COLEC_COLECTIVO ,COLEC_AMBITO ,COLEC_COMARCAS) VALUES (COLEC_CENTR_MINIMOS_SQ.nextval,2017,3,20,'6,11');
INSERT INTO COLEC_CENTR_MINIMOS ( COLEC_COD_CENTR_MINIMOS,COLEC_EXP_EJE,COLEC_COLECTIVO ,COLEC_AMBITO ,COLEC_COMARCAS) VALUES (COLEC_CENTR_MINIMOS_SQ.nextval,2017,3,20,'8');
INSERT INTO COLEC_CENTR_MINIMOS ( COLEC_COD_CENTR_MINIMOS,COLEC_EXP_EJE,COLEC_COLECTIVO ,COLEC_AMBITO ,COLEC_COMARCAS) VALUES (COLEC_CENTR_MINIMOS_SQ.nextval,2017,3,20,'9');
INSERT INTO COLEC_CENTR_MINIMOS ( COLEC_COD_CENTR_MINIMOS,COLEC_EXP_EJE,COLEC_COLECTIVO ,COLEC_AMBITO ,COLEC_COMARCAS) VALUES (COLEC_CENTR_MINIMOS_SQ.nextval,2017,4,1,'12,15');
INSERT INTO COLEC_CENTR_MINIMOS ( COLEC_COD_CENTR_MINIMOS,COLEC_EXP_EJE,COLEC_COLECTIVO ,COLEC_AMBITO ,COLEC_COMARCAS) VALUES (COLEC_CENTR_MINIMOS_SQ.nextval,2017,4,1,'13,16');
INSERT INTO COLEC_CENTR_MINIMOS ( COLEC_COD_CENTR_MINIMOS,COLEC_EXP_EJE,COLEC_COLECTIVO ,COLEC_AMBITO ,COLEC_COMARCAS) VALUES (COLEC_CENTR_MINIMOS_SQ.nextval,2017,4,1,'14');
INSERT INTO COLEC_CENTR_MINIMOS ( COLEC_COD_CENTR_MINIMOS,COLEC_EXP_EJE,COLEC_COLECTIVO ,COLEC_AMBITO ,COLEC_COMARCAS) VALUES (COLEC_CENTR_MINIMOS_SQ.nextval,2017,4,48,'28');
INSERT INTO COLEC_CENTR_MINIMOS ( COLEC_COD_CENTR_MINIMOS,COLEC_EXP_EJE,COLEC_COLECTIVO ,COLEC_AMBITO ,COLEC_COMARCAS) VALUES (COLEC_CENTR_MINIMOS_SQ.nextval,2017,4,48,'25');
INSERT INTO COLEC_CENTR_MINIMOS ( COLEC_COD_CENTR_MINIMOS,COLEC_EXP_EJE,COLEC_COLECTIVO ,COLEC_AMBITO ,COLEC_COMARCAS) VALUES (COLEC_CENTR_MINIMOS_SQ.nextval,2017,4,48,'29');
INSERT INTO COLEC_CENTR_MINIMOS ( COLEC_COD_CENTR_MINIMOS,COLEC_EXP_EJE,COLEC_COLECTIVO ,COLEC_AMBITO ,COLEC_COMARCAS) VALUES (COLEC_CENTR_MINIMOS_SQ.nextval,2017,4,48,'19,20,21');
INSERT INTO COLEC_CENTR_MINIMOS ( COLEC_COD_CENTR_MINIMOS,COLEC_EXP_EJE,COLEC_COLECTIVO ,COLEC_AMBITO ,COLEC_COMARCAS) VALUES (COLEC_CENTR_MINIMOS_SQ.nextval,2017,4,48,'26,27,30');
INSERT INTO COLEC_CENTR_MINIMOS ( COLEC_COD_CENTR_MINIMOS,COLEC_EXP_EJE,COLEC_COLECTIVO ,COLEC_AMBITO ,COLEC_COMARCAS) VALUES (COLEC_CENTR_MINIMOS_SQ.nextval,2017,4,48,'22');
INSERT INTO COLEC_CENTR_MINIMOS ( COLEC_COD_CENTR_MINIMOS,COLEC_EXP_EJE,COLEC_COLECTIVO ,COLEC_AMBITO ,COLEC_COMARCAS) VALUES (COLEC_CENTR_MINIMOS_SQ.nextval,2017,4,48,'23,24 ');
INSERT INTO COLEC_CENTR_MINIMOS ( COLEC_COD_CENTR_MINIMOS,COLEC_EXP_EJE,COLEC_COLECTIVO ,COLEC_AMBITO ,COLEC_COMARCAS) VALUES (COLEC_CENTR_MINIMOS_SQ.nextval,2017,4,20,'1,2,3,4');
INSERT INTO COLEC_CENTR_MINIMOS ( COLEC_COD_CENTR_MINIMOS,COLEC_EXP_EJE,COLEC_COLECTIVO ,COLEC_AMBITO ,COLEC_COMARCAS) VALUES (COLEC_CENTR_MINIMOS_SQ.nextval,2017,4,20,'5');
INSERT INTO COLEC_CENTR_MINIMOS ( COLEC_COD_CENTR_MINIMOS,COLEC_EXP_EJE,COLEC_COLECTIVO ,COLEC_AMBITO ,COLEC_COMARCAS) VALUES (COLEC_CENTR_MINIMOS_SQ.nextval,2017,4,20,'6,11');
INSERT INTO COLEC_CENTR_MINIMOS ( COLEC_COD_CENTR_MINIMOS,COLEC_EXP_EJE,COLEC_COLECTIVO ,COLEC_AMBITO ,COLEC_COMARCAS) VALUES (COLEC_CENTR_MINIMOS_SQ.nextval,2017,4,20,'7,10');
INSERT INTO COLEC_CENTR_MINIMOS ( COLEC_COD_CENTR_MINIMOS,COLEC_EXP_EJE,COLEC_COLECTIVO ,COLEC_AMBITO ,COLEC_COMARCAS) VALUES (COLEC_CENTR_MINIMOS_SQ.nextval,2017,4,20,'8');
INSERT INTO COLEC_CENTR_MINIMOS ( COLEC_COD_CENTR_MINIMOS,COLEC_EXP_EJE,COLEC_COLECTIVO ,COLEC_AMBITO ,COLEC_COMARCAS) VALUES (COLEC_CENTR_MINIMOS_SQ.nextval,2017,4,20,'9');

COMMIT;