ALTER TABLE MELANBIDE90_FACTURAS 
ADD (
	IMPORTEVALI NUMBER(10, 2),
	VALIDADA VARCHAR2(1),
	IVASUB VARCHAR2(1),
	MOTNOVAL VARCHAR2(2)
	);

COMMENT ON COLUMN MELANBIDE90_FACTURAS.VALIDADA IS 'FACTURA VALIDADA';
COMMENT ON COLUMN MELANBIDE90_FACTURAS.IMPORTEVALI IS 'IMPORTE VALIDADO';
COMMENT ON COLUMN MELANBIDE90_FACTURAS.IVASUB IS 'IVA SUBVENCIONABLE';
COMMENT ON COLUMN MELANBIDE90_FACTURAS.MOTNOVAL IS 'MOTIVO NO VALIDACIÓN';

-- Importes Máximos por ejercicio
  create table "MELANBIDE90_IMPORTES_EJE" 
   (	"EJERCICIO" NUMBER(4,0) not null ENABLE, 
	"MAX_FAMILIA" NUMBER(8,2) not null enable, 
	"MAX_MINIMIS" number(9,2) not nulL ENABLE, 
	 constraint "MELANBIDE90_IMPORTES_EJE_PK" primary key ("EJERCICIO")
  using index  ENABLE
   ) ;

   COMMENT ON COLUMN "MELANBIDE90_IMPORTES_EJE"."EJERCICIO" IS 'Ejercicio';
   COMMENT ON COLUMN "MELANBIDE90_IMPORTES_EJE"."MAX_FAMILIA" IS 'Importe mámimo por Familia';
   COMMENT ON COLUMN "MELANBIDE90_IMPORTES_EJE"."MAX_MINIMIS" IS 'Importe mámimo Minimis';

Insert into MELANBIDE90_IMPORTES_EJE (EJERCICIO,MAX_FAMILIA,MAX_MINIMIS) values ('2024','70000','300000');



-- DESPLEGABLES
Insert into E_DES (DES_COD,DES_NOM) values ('MEAF','Media anual AAFF impartidas en la FP');
Insert into E_DES_VAL (DES_COD,DES_VAL_COD,DES_NOM,DES_VAL_ESTADO) values ('MEAF','A','ENTRE 2 Y 5|2 ETA 5 ARTEAN','A');
Insert into E_DES_VAL (DES_COD,DES_VAL_COD,DES_NOM,DES_VAL_ESTADO) values ('MEAF','B','ENTRE 6 Y 10|6 ETA 10 ARTEAN','A');
Insert into E_DES_VAL (DES_COD,DES_VAL_COD,DES_NOM,DES_VAL_ESTADO) values ('MEAF','C','MÁS DE 10|10 BAINO GEHIAGO','A');

Insert into E_DES (DES_COD,DES_NOM) values ('ESIN','Especialidades inscritas / acreditadas en la FP');
Insert into E_DES_VAL (DES_COD,DES_VAL_COD,DES_NOM,DES_VAL_ESTADO) values ('ESIN','A','ENTRE 2 Y 4|2 ETA 4 ARTEAN','A');
Insert into E_DES_VAL (DES_COD,DES_VAL_COD,DES_NOM,DES_VAL_ESTADO) values ('ESIN','B','ENTRE 5 Y 10|5 ETA 10 ARTEAN','A');
Insert into E_DES_VAL (DES_COD,DES_VAL_COD,DES_NOM,DES_VAL_ESTADO) values ('ESIN','C','MÁS DE 10|10 BAINO GEHIAGO','A');

Insert into E_DES (DES_COD,DES_NOM) values ('MONO','MOTIVO NO VALIDACIÓN FACTURA - ININ');
Insert into E_DES_VAL (DES_COD,DES_VAL_COD,DES_NOM,DES_VAL_ESTADO) values ('MONO','01','NO CUMPLE ARTÍCULO 4.1|EZ DU 4.1 ARTIKULUA BETETZEN','A');
Insert into E_DES_VAL (DES_COD,DES_VAL_COD,DES_NOM,DES_VAL_ESTADO) values ('MONO','02','NO CUMPLE ARTÍCULO 4.2|EZ DU 4.2 ARTIKULUA BETETZEN','A');
Insert into E_DES_VAL (DES_COD,DES_VAL_COD,DES_NOM,DES_VAL_ESTADO) values ('MONO','03','NO CUMPLE ARTÍCULO 4.3|EZ DU 4.3 ARTIKULUA BETETZEN','A');
Insert into E_DES_VAL (DES_COD,DES_VAL_COD,DES_NOM,DES_VAL_ESTADO) values ('MONO','04','NO CUMPLE ARTÍCULO 4.4|EZ DU 4.4 ARTIKULUA BETETZEN','A');
Insert into E_DES_VAL (DES_COD,DES_VAL_COD,DES_NOM,DES_VAL_ESTADO) values ('MONO','05','NO CUMPLE ARTÍCULO 4.5|EZ DU 4.5 ARTIKULUA BETETZEN','A');
Insert into E_DES_VAL (DES_COD,DES_VAL_COD,DES_NOM,DES_VAL_ESTADO) values ('MONO','06','APLICADO ARTÍCULO 4.6|4.6 ARTIKULUA APLIKATUTA','A');
Insert into E_DES_VAL (DES_COD,DES_VAL_COD,DES_NOM,DES_VAL_ESTADO) values ('MONO','07','NO SUBVENCIONABLE SEGÚN ARTÍCULO 4.7|EZIN DA DIRUZ LAGUNDU, 4.7 ARTIKULUAREN ARABERA.','A');
Insert into E_DES_VAL (DES_COD,DES_VAL_COD,DES_NOM,DES_VAL_ESTADO) values ('MONO','08','A PETICIÓN DEL SOLICITANTE|ESKATZAILEAK ESKATUTA','A');
Insert into E_DES_VAL (DES_COD,DES_VAL_COD,DES_NOM,DES_VAL_ESTADO) values ('MONO','09','FACTURA INCLUIDA EN OTRA FAMILIA|BESTE FAMILIA BATEAN SARTUTAKO FAKTURA','A');
Insert into E_DES_VAL (DES_COD,DES_VAL_COD,DES_NOM,DES_VAL_ESTADO) values ('MONO','10','SOLICITUD INCORRECTA/INCOMPLETA|ESKAERA OKERRA/OSATU GABEA','A');

-- AGRUPACIONES
insert into E_PCA_GROUP (PCA_ID_GROUP, PCA_DESC_GROUP, PCA_ORDER_GROUP, PCA_PRO, PCA_ACTIVE) values ('GFAM2', 'FAMILIA 2', '6', 'ININ', 'SI');
insert into E_PCA_GROUP (PCA_ID_GROUP, PCA_DESC_GROUP, PCA_ORDER_GROUP, PCA_PRO, PCA_ACTIVE) values ('GFAM3', 'FAMILIA 3', '7', 'ININ', 'SI');
insert into E_PCA_GROUP (PCA_ID_GROUP, PCA_DESC_GROUP, PCA_ORDER_GROUP, PCA_PRO, PCA_ACTIVE) values ('IMPSU', 'IMPORTES DE LA SUBVENCIÓN', '8', 'ININ', 'SI');
Insert into E_PCA_GROUP (PCA_ID_GROUP, PCA_DESC_GROUP, PCA_ORDER_GROUP, PCA_PRO, PCA_ACTIVE) values ('ANTE','CONVOCATORIAS ANTERIORES A 2024','12','ININ','SI');
update E_PCA_GROUP set PCA_DESC_GROUP ='FAMILIA 1' where PCA_ID_GROUP='GFAM' and PCA_PRO='ININ';

-- SUPLEMENTARIOS
update E_PCA set PCA_DES = 'FAMILIA', PCA_ROT = 'FAMILIA' where pca_pro = 'ININ' and PCA_GROUP = 'GFAM' and PCA_COD ='FAMILIA1';
update E_PCA set PCA_GROUP = 'GFAM2', PCA_DES = 'FAMILIA', PCA_ROT = 'FAMILIA' where pca_pro = 'ININ' and PCA_GROUP = 'GFAM' and PCA_COD ='FAMILIA2';
update E_PCA set PCA_GROUP = 'GFAM3', PCA_DES = 'FAMILIA', PCA_ROT = 'FAMILIA' where pca_pro = 'ININ' and PCA_GROUP = 'GFAM' and PCA_COD ='FAMILIA3';
update E_PCA set PCA_GROUP = 'ANTE' where pca_pro = 'ININ' and PCA_GROUP = 'GFAM' and PCA_COD ='TIPGASTO1';
update E_PCA set PCA_GROUP = 'ANTE' where pca_pro = 'ININ' and PCA_GROUP = 'GFAM' and PCA_COD ='TIPGASTO2';
update E_PCA set PCA_GROUP = 'ANTE' where pca_pro = 'ININ' and PCA_GROUP = 'GFAM' and PCA_COD ='TIPGASTO3';

UPDATE "E_PCA" SET PCA_PLT = '6', PCA_TDA = '6', PCA_TAM = '1', PCA_DESPLEGABLE = 'SN01', PCA_BLOQ = 'SI' WHERE PCA_PRO ='ININ' and PCA_COD in ('OPOSVERIAUTOHHFF','OPOSVERIAUTOTGSS');
select * from e_txt where txt_num like '%/ININ/%' and txt_cod in ('OPOSVERIAUTOHHFF','OPOSVERIAUTOTGSS');
-- para obtener los datos existentes en E_TXT y volcarlos en E_TDE



Insert into E_PCA (PCA_MUN,PCA_PRO,PCA_COD,PCA_DES,PCA_PLT,PCA_TDA,PCA_TAM,PCA_MAS,PCA_OBL,PCA_NOR,PCA_ROT,PCA_ACTIVO,PCA_DESPLEGABLE,PCA_OCULTO,PCA_BLOQ,PLAZO_AVISO,PERIODO_PLAZO,PCA_GROUP,PCA_POS_X,PCA_POS_Y) values ('1','ININ','ESPECIALIDADES1','ESPECIALIDADES INSCRITAS O ACREDITADAS','2','1','11',null,'0',	'16','ESPECIALIDADES INSCRITAS O ACREDITADAS','SI',null,'NO','SI',null,null,'GFAM','12','42');
Insert into E_PCA (PCA_MUN,PCA_PRO,PCA_COD,PCA_DES,PCA_PLT,PCA_TDA,PCA_TAM,PCA_MAS,PCA_OBL,PCA_NOR,PCA_ROT,PCA_ACTIVO,PCA_DESPLEGABLE,PCA_OCULTO,PCA_BLOQ,PLAZO_AVISO,PERIODO_PLAZO,PCA_GROUP,PCA_POS_X,PCA_POS_Y) values ('1','ININ','MEDIA1','MEDIA ACCIONES FORMATIVAS IMPARTIDAS','2','1','11',null,'0',			'17','MEDIA ACCIONES FORMATIVAS IMPARTIDAS','SI',null,'NO','SI',null,null,'GFAM',	'540','42');
Insert into E_PCA (PCA_MUN,PCA_PRO,PCA_COD,PCA_DES,PCA_PLT,PCA_TDA,PCA_TAM,PCA_MAS,PCA_OBL,PCA_NOR,PCA_ROT,PCA_ACTIVO,PCA_DESPLEGABLE,PCA_OCULTO,PCA_BLOQ,PLAZO_AVISO,PERIODO_PLAZO,PCA_GROUP,PCA_POS_X,PCA_POS_Y) values ('1','ININ','VALIDADO1','TOTAL VALIDADO','2','1','11',null,'0',								'18','TOTAL VALIDADO','SI',null,'NO','SI',null,null,'GFAM',							'12','72');
Insert into E_PCA (PCA_MUN,PCA_PRO,PCA_COD,PCA_DES,PCA_PLT,PCA_TDA,PCA_TAM,PCA_MAS,PCA_OBL,PCA_NOR,PCA_ROT,PCA_ACTIVO,PCA_DESPLEGABLE,PCA_OCULTO,PCA_BLOQ,PLAZO_AVISO,PERIODO_PLAZO,PCA_GROUP,PCA_POS_X,PCA_POS_Y) values ('1','ININ','PORCENTAJE1','% SUBVENCIÓN','2','1','11',null,'0',								'19','% SUBVENCIÓN','SI',null,'NO','SI',null,null,'GFAM',							'540','72');
Insert into E_PCA (PCA_MUN,PCA_PRO,PCA_COD,PCA_DES,PCA_PLT,PCA_TDA,PCA_TAM,PCA_MAS,PCA_OBL,PCA_NOR,PCA_ROT,PCA_ACTIVO,PCA_DESPLEGABLE,PCA_OCULTO,PCA_BLOQ,PLAZO_AVISO,PERIODO_PLAZO,PCA_GROUP,PCA_POS_X,PCA_POS_Y) values ('1','ININ','SUBVCALCU1','SUBVENCIÓN CALCULADA','2','1','11',null,'0',						'20','SUBVENCIÓN CALCULADA','SI',null,'NO','SI',null,null,'GFAM',					'12','102');
Insert into E_PCA (PCA_MUN,PCA_PRO,PCA_COD,PCA_DES,PCA_PLT,PCA_TDA,PCA_TAM,PCA_MAS,PCA_OBL,PCA_NOR,PCA_ROT,PCA_ACTIVO,PCA_DESPLEGABLE,PCA_OCULTO,PCA_BLOQ,PLAZO_AVISO,PERIODO_PLAZO,PCA_GROUP,PCA_POS_X,PCA_POS_Y) values ('1','ININ','SUBVCONCE1','SUBVENCIÓN CONCEDIDA','2','1','11',null,'0',						'21','SUBVENCIÓN CONCEDIDA','SI',null,'NO','SI',null,null,'GFAM',					'540','102');

Insert into E_PCA (PCA_MUN,PCA_PRO,PCA_COD,PCA_DES,PCA_PLT,PCA_TDA,PCA_TAM,PCA_MAS,PCA_OBL,PCA_NOR,PCA_ROT,PCA_ACTIVO,PCA_DESPLEGABLE,PCA_OCULTO,PCA_BLOQ,PLAZO_AVISO,PERIODO_PLAZO,PCA_GROUP,PCA_POS_X,PCA_POS_Y) values ('1','ININ','ESPECIALIDADES2','ESPECIALIDADES INSCRITAS O ACREDITADAS','2','1','11',null,'0',	'23','ESPECIALIDADES INSCRITAS O ACREDITADAS','SI',null,'NO','SI',null,null,'GFAM2','12','42');
Insert into E_PCA (PCA_MUN,PCA_PRO,PCA_COD,PCA_DES,PCA_PLT,PCA_TDA,PCA_TAM,PCA_MAS,PCA_OBL,PCA_NOR,PCA_ROT,PCA_ACTIVO,PCA_DESPLEGABLE,PCA_OCULTO,PCA_BLOQ,PLAZO_AVISO,PERIODO_PLAZO,PCA_GROUP,PCA_POS_X,PCA_POS_Y) values ('1','ININ','MEDIA2','MEDIA ACCIONES FORMATIVAS IMPARTIDAS','2','1','11',null,'0',			'24','MEDIA ACCIONES FORMATIVAS IMPARTIDAS','SI',null,'NO','SI',null,null,'GFAM2',	'540','42');
Insert into E_PCA (PCA_MUN,PCA_PRO,PCA_COD,PCA_DES,PCA_PLT,PCA_TDA,PCA_TAM,PCA_MAS,PCA_OBL,PCA_NOR,PCA_ROT,PCA_ACTIVO,PCA_DESPLEGABLE,PCA_OCULTO,PCA_BLOQ,PLAZO_AVISO,PERIODO_PLAZO,PCA_GROUP,PCA_POS_X,PCA_POS_Y) values ('1','ININ','VALIDADO2','TOTAL VALIDADO','2','1','11',null,'0',								'25','TOTAL VALIDADO','SI',null,'NO','SI',null,null,'GFAM2',						'12','72');
Insert into E_PCA (PCA_MUN,PCA_PRO,PCA_COD,PCA_DES,PCA_PLT,PCA_TDA,PCA_TAM,PCA_MAS,PCA_OBL,PCA_NOR,PCA_ROT,PCA_ACTIVO,PCA_DESPLEGABLE,PCA_OCULTO,PCA_BLOQ,PLAZO_AVISO,PERIODO_PLAZO,PCA_GROUP,PCA_POS_X,PCA_POS_Y) values ('1','ININ','PORCENTAJE2','% SUBVENCIÓN','2','1','11',null,'0',								'26','% SUBVENCIÓN','SI',null,'NO','SI',null,null,'GFAM2',							'540','72');
Insert into E_PCA (PCA_MUN,PCA_PRO,PCA_COD,PCA_DES,PCA_PLT,PCA_TDA,PCA_TAM,PCA_MAS,PCA_OBL,PCA_NOR,PCA_ROT,PCA_ACTIVO,PCA_DESPLEGABLE,PCA_OCULTO,PCA_BLOQ,PLAZO_AVISO,PERIODO_PLAZO,PCA_GROUP,PCA_POS_X,PCA_POS_Y) values ('1','ININ','SUBVCALCU2','SUBVENCIÓN CALCULADA','2','1','11',null,'0',						'27','SUBVENCIÓN CALCULADA','SI',null,'NO','SI',null,null,'GFAM2',					'12','102');
Insert into E_PCA (PCA_MUN,PCA_PRO,PCA_COD,PCA_DES,PCA_PLT,PCA_TDA,PCA_TAM,PCA_MAS,PCA_OBL,PCA_NOR,PCA_ROT,PCA_ACTIVO,PCA_DESPLEGABLE,PCA_OCULTO,PCA_BLOQ,PLAZO_AVISO,PERIODO_PLAZO,PCA_GROUP,PCA_POS_X,PCA_POS_Y) values ('1','ININ','SUBVCONCE2','SUBVENCIÓN CONCEDIDA','2','1','11',null,'0',						'28','SUBVENCIÓN CONCEDIDA','SI',null,'NO','SI',null,null,'GFAM2',					'540','102');

Insert into E_PCA (PCA_MUN,PCA_PRO,PCA_COD,PCA_DES,PCA_PLT,PCA_TDA,PCA_TAM,PCA_MAS,PCA_OBL,PCA_NOR,PCA_ROT,PCA_ACTIVO,PCA_DESPLEGABLE,PCA_OCULTO,PCA_BLOQ,PLAZO_AVISO,PERIODO_PLAZO,PCA_GROUP,PCA_POS_X,PCA_POS_Y) values ('1','ININ','ESPECIALIDADES3','ESPECIALIDADES INSCRITAS O ACREDITADAS','2','1','11',null,'0',	'30','ESPECIALIDADES INSCRITAS O ACREDITADAS','SI',null,'NO','SI',null,null,'GFAM3','12','42');
Insert into E_PCA (PCA_MUN,PCA_PRO,PCA_COD,PCA_DES,PCA_PLT,PCA_TDA,PCA_TAM,PCA_MAS,PCA_OBL,PCA_NOR,PCA_ROT,PCA_ACTIVO,PCA_DESPLEGABLE,PCA_OCULTO,PCA_BLOQ,PLAZO_AVISO,PERIODO_PLAZO,PCA_GROUP,PCA_POS_X,PCA_POS_Y) values ('1','ININ','MEDIA3','MEDIA ACCIONES FORMATIVAS IMPARTIDAS','2','1','11',null,'0',			'31','MEDIA ACCIONES FORMATIVAS IMPARTIDAS','SI',null,'NO','SI',null,null,'GFAM3',	'540','42');
Insert into E_PCA (PCA_MUN,PCA_PRO,PCA_COD,PCA_DES,PCA_PLT,PCA_TDA,PCA_TAM,PCA_MAS,PCA_OBL,PCA_NOR,PCA_ROT,PCA_ACTIVO,PCA_DESPLEGABLE,PCA_OCULTO,PCA_BLOQ,PLAZO_AVISO,PERIODO_PLAZO,PCA_GROUP,PCA_POS_X,PCA_POS_Y) values ('1','ININ','VALIDADO3','TOTAL VALIDADO','2','1','11',null,'0',								'32','TOTAL VALIDADO','SI',null,'NO','SI',null,null,'GFAM3',						'12','72');
Insert into E_PCA (PCA_MUN,PCA_PRO,PCA_COD,PCA_DES,PCA_PLT,PCA_TDA,PCA_TAM,PCA_MAS,PCA_OBL,PCA_NOR,PCA_ROT,PCA_ACTIVO,PCA_DESPLEGABLE,PCA_OCULTO,PCA_BLOQ,PLAZO_AVISO,PERIODO_PLAZO,PCA_GROUP,PCA_POS_X,PCA_POS_Y) values ('1','ININ','PORCENTAJE3','% SUBVENCIÓN','2','1','11',null,'0',								'33','% SUBVENCIÓN','SI',null,'NO','SI',null,null,'GFAM3',							'540','72');
Insert into E_PCA (PCA_MUN,PCA_PRO,PCA_COD,PCA_DES,PCA_PLT,PCA_TDA,PCA_TAM,PCA_MAS,PCA_OBL,PCA_NOR,PCA_ROT,PCA_ACTIVO,PCA_DESPLEGABLE,PCA_OCULTO,PCA_BLOQ,PLAZO_AVISO,PERIODO_PLAZO,PCA_GROUP,PCA_POS_X,PCA_POS_Y) values ('1','ININ','SUBVCALCU3','SUBVENCIÓN CALCULADA','2','1','11',null,'0',						'34','SUBVENCIÓN CALCULADA','SI',null,'NO','SI',null,null,'GFAM3',					'12','102');
Insert into E_PCA (PCA_MUN,PCA_PRO,PCA_COD,PCA_DES,PCA_PLT,PCA_TDA,PCA_TAM,PCA_MAS,PCA_OBL,PCA_NOR,PCA_ROT,PCA_ACTIVO,PCA_DESPLEGABLE,PCA_OCULTO,PCA_BLOQ,PLAZO_AVISO,PERIODO_PLAZO,PCA_GROUP,PCA_POS_X,PCA_POS_Y) values ('1','ININ','SUBVCONCE3','SUBVENCIÓN CONCEDIDA','2','1','11',null,'0',						'35','SUBVENCIÓN CONCEDIDA','SI',null,'NO','SI',null,null,'GFAM3',					'540','102');


Insert into E_PCA (PCA_MUN,PCA_PRO,PCA_COD,PCA_DES,PCA_PLT,PCA_TDA,PCA_TAM,PCA_MAS,PCA_OBL,PCA_NOR,PCA_ROT,PCA_ACTIVO,PCA_DESPLEGABLE,PCA_OCULTO,PCA_BLOQ,PLAZO_AVISO,PERIODO_PLAZO,PCA_GROUP,PCA_POS_X,PCA_POS_Y) values ('1','ININ','MINIMIS','MINIMIS A APLICAR','2','1','11',null,'0',								'36','MINIMIS A APLICAR','SI',null,'NO','NO',null,null,'IMPSU',	'12','12');
Insert into E_PCA (PCA_MUN,PCA_PRO,PCA_COD,PCA_DES,PCA_PLT,PCA_TDA,PCA_TAM,PCA_MAS,PCA_OBL,PCA_NOR,PCA_ROT,PCA_ACTIVO,PCA_DESPLEGABLE,PCA_OCULTO,PCA_BLOQ,PLAZO_AVISO,PERIODO_PLAZO,PCA_GROUP,PCA_POS_X,PCA_POS_Y) values ('1','ININ','MINIMISMAX','MÁXIMO MINIMIS','2','1','11',null,'0',								'37','MÁXIMO MINIMIS','SI',null,'NO','SI',null,null,'IMPSU',	'540','12');
Insert into E_PCA (PCA_MUN,PCA_PRO,PCA_COD,PCA_DES,PCA_PLT,PCA_TDA,PCA_TAM,PCA_MAS,PCA_OBL,PCA_NOR,PCA_ROT,PCA_ACTIVO,PCA_DESPLEGABLE,PCA_OCULTO,PCA_BLOQ,PLAZO_AVISO,PERIODO_PLAZO,PCA_GROUP,PCA_POS_X,PCA_POS_Y) values ('1','ININ','SUBVTOTAL','SUBVENCIÓN TOTAL','8','8','11',null,'0',								'38','SUBVENCIÓN TOTAL','SI',null,'NO','NO',null,null,'IMPSU',	'12','42');
Insert into E_PCA (PCA_MUN,PCA_PRO,PCA_COD,PCA_DES,PCA_PLT,PCA_TDA,PCA_TAM,PCA_MAS,PCA_OBL,PCA_NOR,PCA_ROT,PCA_ACTIVO,PCA_DESPLEGABLE,PCA_OCULTO,PCA_BLOQ,PLAZO_AVISO,PERIODO_PLAZO,PCA_GROUP,PCA_POS_X,PCA_POS_Y) values ('1','ININ','SUBVFINAL','SUBVENCIÓN FINAL','2','1','11',null,'0',								'39','SUBVENCIÓN FINAL','SI',null,'NO','NO',null,null,'IMPSU',	'540','42');




Insert into EXPRESION_CAMPO_CAL_PROC (COD_ORGANIZACION,COD_PROCEDIMIENTO,COD_CAMPO,TIPO_DATO,EXPRESION) values ('1','ININ','SUBVTOTAL','8',' (SUBVCONCE1 + SUBVCONCE2 + SUBVCONCE3)');

