
  CREATE TABLE MELANBIDE87_INSTALACIONES 
   (	ID NUMBER(8,0), 
	NUM_EXP VARCHAR2(20 BYTE), 
	TIPINST VARCHAR2(1 BYTE), 
	INSTMUNICIPIO VARCHAR2(150 BYTE), 
	INSTLOCALIDAD VARCHAR2(150 BYTE), 
	INSTDIRECCION VARCHAR2(200 BYTE), 	
	INSTCP NUMBER(5,0)
   );

   COMMENT ON COLUMN MELANBIDE87_INSTALACIONES.ID IS 'Identificador Secuencial';
   COMMENT ON COLUMN MELANBIDE87_INSTALACIONES.NUM_EXP IS 'Número de Expediente';
   COMMENT ON COLUMN MELANBIDE87_INSTALACIONES.TIPINST IS 'Tipo de Instalación';
   COMMENT ON COLUMN MELANBIDE87_INSTALACIONES.INSTMUNICIPIO IS 'Municipio de la Instalación';
   COMMENT ON COLUMN MELANBIDE87_INSTALACIONES.INSTLOCALIDAD IS 'Localidad de la Instalación';
   COMMENT ON COLUMN MELANBIDE87_INSTALACIONES.INSTDIRECCION IS 'Dirección de la Instalación';
   COMMENT ON COLUMN MELANBIDE87_INSTALACIONES.INSTCP IS 'Código Postal de la Instalación';

--------------------------------------------------------
--  Constraints for Table MELANBIDE87_INSTALACIONES
--------------------------------------------------------
  ALTER TABLE MELANBIDE87_INSTALACIONES ADD PRIMARY KEY (ID);
  
--------------------------------------------------------
--  DDL for Sequence SEQ_MELANBIDE87_INSTALACIONES
--------------------------------------------------------

   CREATE SEQUENCE  SEQ_MELANBIDE87_INSTALACIONES  MINVALUE 0 MAXVALUE 99999999 INCREMENT BY 1 START WITH 1 NOCACHE  NOORDER  NOCYCLE ;
  

----------------------------------------------
-- AGRUPACIONES
----------------------------------------------  
   INSERT INTO E_PCA_GROUP (PCA_ID_GROUP,PCA_DESC_GROUP,PCA_ORDER_GROUP,PCA_PRO,PCA_ACTIVE) VALUES ('A','DATOS DE LA ENTIDAD PROMOTORA',2,'COLVU','SI');
   
   INSERT INTO E_PCA_GROUP (PCA_ID_GROUP,PCA_DESC_GROUP,PCA_ORDER_GROUP,PCA_PRO,PCA_ACTIVE) VALUES ('B','DATOS DEL PROYECTO',3,'COLVU','SI');


-- ENTIDAD
Insert into E_PCA (PCA_MUN,PCA_PRO,PCA_COD,PCA_DES,PCA_PLT,PCA_TDA,PCA_TAM,PCA_MAS,PCA_OBL,PCA_NOR,PCA_ROT,PCA_ACTIVO,PCA_DESPLEGABLE,PCA_OCULTO,PCA_BLOQ,PLAZO_AVISO,PERIODO_PLAZO,PCA_GROUP,PCA_POS_X,PCA_POS_Y) values 
  ('1','COLVU','CODCTACOTIZACION','CÓDIGO CUENTA COTIZACIÓN','1','2','20',null,'0','12','CÓDIGO CUENTA COTIZACIÓN','SI',null,'NO','NO',null,null,'A',null,null);
-- PROYECTO
Insert into E_PCA (PCA_MUN,PCA_PRO,PCA_COD,PCA_DES,PCA_PLT,PCA_TDA,PCA_TAM,PCA_MAS,PCA_OBL,PCA_NOR,PCA_ROT,PCA_ACTIVO,PCA_DESPLEGABLE,PCA_OCULTO,PCA_BLOQ,PLAZO_AVISO,PERIODO_PLAZO,PCA_GROUP,PCA_POS_X,PCA_POS_Y) values 
  ('1','COLVU','PROYDENOM','DENOMINACIÓN DEL PROYECTO','1','2','100',null,'0','13','DENOMINACIÓN DEL PROYECTO','SI',null,'NO','NO',null,null,'B',null,null);
Insert into E_PCA (PCA_MUN,PCA_PRO,PCA_COD,PCA_DES,PCA_PLT,PCA_TDA,PCA_TAM,PCA_MAS,PCA_OBL,PCA_NOR,PCA_ROT,PCA_ACTIVO,PCA_DESPLEGABLE,PCA_OCULTO,PCA_BLOQ,PLAZO_AVISO,PERIODO_PLAZO,PCA_GROUP,PCA_POS_X,PCA_POS_Y) values 
  ('1','COLVU','NOMBAPELCONT1','NOMBRE Y APELLIDOS PERSONA CONTACTO 1','1','2','150',null,'0','14','NOMBRE Y APELLIDOS PERSONA CONTACTO 1','SI',null,'NO','NO',null,null,'B',null,null);
Insert into E_PCA (PCA_MUN,PCA_PRO,PCA_COD,PCA_DES,PCA_PLT,PCA_TDA,PCA_TAM,PCA_MAS,PCA_OBL,PCA_NOR,PCA_ROT,PCA_ACTIVO,PCA_DESPLEGABLE,PCA_OCULTO,PCA_BLOQ,PLAZO_AVISO,PERIODO_PLAZO,PCA_GROUP,PCA_POS_X,PCA_POS_Y) values 
  ('1','COLVU','TLFNOCONT1','TELÉFONO PERSONA CONTACTO 1','1','2','15',null,'0','15','TELÉFONO PERSONA CONTACTO 1','SI',null,'NO','NO',null,null,'B',null,null);
Insert into E_PCA (PCA_MUN,PCA_PRO,PCA_COD,PCA_DES,PCA_PLT,PCA_TDA,PCA_TAM,PCA_MAS,PCA_OBL,PCA_NOR,PCA_ROT,PCA_ACTIVO,PCA_DESPLEGABLE,PCA_OCULTO,PCA_BLOQ,PLAZO_AVISO,PERIODO_PLAZO,PCA_GROUP,PCA_POS_X,PCA_POS_Y) values 
  ('1','COLVU','EMAILCONT1','CORREO ELECTRÓNICO PERSONA CONTACTO 1','1','2','80',null,'0','16','CORREO ELECTRÓNICO PERSONA CONTACTO 1','SI',null,'NO','NO',null,null,'B',null,null);
Insert into E_PCA (PCA_MUN,PCA_PRO,PCA_COD,PCA_DES,PCA_PLT,PCA_TDA,PCA_TAM,PCA_MAS,PCA_OBL,PCA_NOR,PCA_ROT,PCA_ACTIVO,PCA_DESPLEGABLE,PCA_OCULTO,PCA_BLOQ,PLAZO_AVISO,PERIODO_PLAZO,PCA_GROUP,PCA_POS_X,PCA_POS_Y) values 
  ('1','COLVU','NOMBAPELCONT2','NOMBRE Y APELLIDOS PERSONA CONTACTO 2','1','2','150',null,'0','17','NOMBRE Y APELLIDOS PERSONA CONTACTO 2','SI',null,'NO','NO',null,null,'B',null,null);
Insert into E_PCA (PCA_MUN,PCA_PRO,PCA_COD,PCA_DES,PCA_PLT,PCA_TDA,PCA_TAM,PCA_MAS,PCA_OBL,PCA_NOR,PCA_ROT,PCA_ACTIVO,PCA_DESPLEGABLE,PCA_OCULTO,PCA_BLOQ,PLAZO_AVISO,PERIODO_PLAZO,PCA_GROUP,PCA_POS_X,PCA_POS_Y) values 
  ('1','COLVU','TLFNOCONT2','TELÉFONO PERSONA CONTACTO 2','1','2','15',null,'0','18','TELÉFONO PERSONA CONTACTO 2','SI',null,'NO','NO',null,null,'B',null,null);
Insert into E_PCA (PCA_MUN,PCA_PRO,PCA_COD,PCA_DES,PCA_PLT,PCA_TDA,PCA_TAM,PCA_MAS,PCA_OBL,PCA_NOR,PCA_ROT,PCA_ACTIVO,PCA_DESPLEGABLE,PCA_OCULTO,PCA_BLOQ,PLAZO_AVISO,PERIODO_PLAZO,PCA_GROUP,PCA_POS_X,PCA_POS_Y) values 
  ('1','COLVU','EMAILCONT2','CORREO ELECTRÓNICO PERSONA CONTACTO 2','1','2','80',null,'0','19','CORREO ELECTRÓNICO PERSONA CONTACTO 2','SI',null,'NO','NO',null,null,'B',null,null);
Insert into E_PCA (PCA_MUN,PCA_PRO,PCA_COD,PCA_DES,PCA_PLT,PCA_TDA,PCA_TAM,PCA_MAS,PCA_OBL,PCA_NOR,PCA_ROT,PCA_ACTIVO,PCA_DESPLEGABLE,PCA_OCULTO,PCA_BLOQ,PLAZO_AVISO,PERIODO_PLAZO,PCA_GROUP,PCA_POS_X,PCA_POS_Y) values 
  ('1','COLVU','PROYNUMPERS','NÚMERO PERSONAS PARTICIPANTES EN EL PROYECTO','2','1','2',null,'0','20','NÚMERO PERSONAS PARTICIPANTES EN EL PROYECTO','SI',null,'NO','NO',null,null,'B',null,null);
Insert into E_PCA (PCA_MUN,PCA_PRO,PCA_COD,PCA_DES,PCA_PLT,PCA_TDA,PCA_TAM,PCA_MAS,PCA_OBL,PCA_NOR,PCA_ROT,PCA_ACTIVO,PCA_DESPLEGABLE,PCA_OCULTO,PCA_BLOQ,PLAZO_AVISO,PERIODO_PLAZO,PCA_GROUP,PCA_POS_X,PCA_POS_Y) values 
  ('1','COLVU','PROYAMBGEO','ÁMBITO GEOGRÁFICO PROYECTO','1','2','150',null,'0','21','ÁMBITO GEOGRÁFICO PROYECTO','SI',null,'NO','NO',null,null,'B',null,null);
Insert into E_PCA (PCA_MUN,PCA_PRO,PCA_COD,PCA_DES,PCA_PLT,PCA_TDA,PCA_TAM,PCA_MAS,PCA_OBL,PCA_NOR,PCA_ROT,PCA_ACTIVO,PCA_DESPLEGABLE,PCA_OCULTO,PCA_BLOQ,PLAZO_AVISO,PERIODO_PLAZO,PCA_GROUP,PCA_POS_X,PCA_POS_Y) values 
  ('1','COLVU','PROYNUMHORAS','NÚMERO HORAS ITINERARIO FORMATIVO','2','1','2',null,'0','22','NÚMERO HORAS ITINERARIO FORMATIVO','SI',null,'NO','NO',null,null,'B',null,null); 
Insert into E_PCA (PCA_MUN,PCA_PRO,PCA_COD,PCA_DES,PCA_PLT,PCA_TDA,PCA_TAM,PCA_MAS,PCA_OBL,PCA_NOR,PCA_ROT,PCA_ACTIVO,PCA_DESPLEGABLE,PCA_OCULTO,PCA_BLOQ,PLAZO_AVISO,PERIODO_PLAZO,PCA_GROUP,PCA_POS_X,PCA_POS_Y) values 
  ('1','COLVU','PROYENTIMPIF','ENTIDAD IMPARTIDORA ITINERARIO FORMATIVO','1','2','150',null,'0','23','ENTIDAD IMPARTIDORA ITINERARIO FORMATIVO','SI',null,'NO','NO',null,null,'B',null,null);
Insert into E_PCA (PCA_MUN,PCA_PRO,PCA_COD,PCA_DES,PCA_PLT,PCA_TDA,PCA_TAM,PCA_MAS,PCA_OBL,PCA_NOR,PCA_ROT,PCA_ACTIVO,PCA_DESPLEGABLE,PCA_OCULTO,PCA_BLOQ,PLAZO_AVISO,PERIODO_PLAZO,PCA_GROUP,PCA_POS_X,PCA_POS_Y) values 
  ('1','COLVU','PROYCIFENTIMPIF','CIF ENTIDAD IMPARTIDORA ITINERARIO FORMATIVO','1','2','15',null,'0','24','CIF ENTIDAD IMPARTIDORA ITINERARIO FORMATIVO','SI',null,'NO','NO',null,null,'B',null,null);
Insert into E_PCA (PCA_MUN,PCA_PRO,PCA_COD,PCA_DES,PCA_PLT,PCA_TDA,PCA_TAM,PCA_MAS,PCA_OBL,PCA_NOR,PCA_ROT,PCA_ACTIVO,PCA_DESPLEGABLE,PCA_OCULTO,PCA_BLOQ,PLAZO_AVISO,PERIODO_PLAZO,PCA_GROUP,PCA_POS_X,PCA_POS_Y) values 
  ('1','COLVU','PROYENTIMPAOL','ENTIDAD IMPARTIDORA ACCIONES ORIENTACIÓN LABORAL','1','2','150',null,'0','25','ENTIDAD IMPARTIDORA ACCIONES ORIENTACIÓN LABORAL','SI',null,'NO','NO',null,null,'B',null,null);
Insert into E_PCA (PCA_MUN,PCA_PRO,PCA_COD,PCA_DES,PCA_PLT,PCA_TDA,PCA_TAM,PCA_MAS,PCA_OBL,PCA_NOR,PCA_ROT,PCA_ACTIVO,PCA_DESPLEGABLE,PCA_OCULTO,PCA_BLOQ,PLAZO_AVISO,PERIODO_PLAZO,PCA_GROUP,PCA_POS_X,PCA_POS_Y) values 
  ('1','COLVU','PROYCIFENTIMPAOL','CIF ENTIDAD IMPARTIDORA ACCIONES ORIENTACIÓN LABORAL','1','2','15',null,'0','26','CIF ENTIDAD IMPARTIDORA ACCIONES ORIENTACIÓN LABORAL','SI',null,'NO','NO',null,null,'B',null,null);
Insert into E_PCA (PCA_MUN,PCA_PRO,PCA_COD,PCA_DES,PCA_PLT,PCA_TDA,PCA_TAM,PCA_MAS,PCA_OBL,PCA_NOR,PCA_ROT,PCA_ACTIVO,PCA_DESPLEGABLE,PCA_OCULTO,PCA_BLOQ,PLAZO_AVISO,PERIODO_PLAZO,PCA_GROUP,PCA_POS_X,PCA_POS_Y) values 
  ('1','COLVU','PROYENTCONPP','ENTIDAD CONTRATANTE PARTICIPANTES EN EL PROYECTO','1','2','150',null,'0','27','ENTIDAD CONTRATANTE PARTICIPANTES EN EL PROYECTO','SI',null,'NO','NO',null,null,'B',null,null);
Insert into E_PCA (PCA_MUN,PCA_PRO,PCA_COD,PCA_DES,PCA_PLT,PCA_TDA,PCA_TAM,PCA_MAS,PCA_OBL,PCA_NOR,PCA_ROT,PCA_ACTIVO,PCA_DESPLEGABLE,PCA_OCULTO,PCA_BLOQ,PLAZO_AVISO,PERIODO_PLAZO,PCA_GROUP,PCA_POS_X,PCA_POS_Y) values 
  ('1','COLVU','PROYCIFENTCONPP','CIF ENTIDAD CONTRATANTE PARTICIPANTES EN EL PROYECTO','1','2','15',null,'0','28','CIF ENTIDAD CONTRATANTE PARTICIPANTES EN EL PROYECTO','SI',null,'NO','NO',null,null,'B',null,null);

----------------------------------------------
-- ÁMBITO ACTUACIÓN
----------------------------------------------

Insert into E_PCA (PCA_MUN,PCA_PRO,PCA_COD,PCA_DES,PCA_PLT,PCA_TDA,PCA_TAM,PCA_MAS,PCA_OBL,PCA_NOR,PCA_ROT,PCA_ACTIVO,PCA_DESPLEGABLE,PCA_OCULTO,PCA_BLOQ,PLAZO_AVISO,PERIODO_PLAZO,PCA_GROUP,PCA_POS_X,PCA_POS_Y) values 
	('1','COLVU','ACVIVIENDA','MEJORA Y REHABILITACIÓN VIVIENDAS','6','6','1',null,'0','29','MEJORA Y REHABILITACIÓN VIVIENDAS','SI','BOOL','NO','NO',null,null,'B',null,null);
Insert into E_PCA (PCA_MUN,PCA_PRO,PCA_COD,PCA_DES,PCA_PLT,PCA_TDA,PCA_TAM,PCA_MAS,PCA_OBL,PCA_NOR,PCA_ROT,PCA_ACTIVO,PCA_DESPLEGABLE,PCA_OCULTO,PCA_BLOQ,PLAZO_AVISO,PERIODO_PLAZO,PCA_GROUP,PCA_POS_X,PCA_POS_Y) values 
	('1','COLVU','ACTCEDAD','ACOMPAÑAMIENTO ATENCIÓN TERCERA Y CUARTA EDAD','6','6','1',null,'0','30','ACOMPAÑAMIENTO ATENCIÓN TERCERA Y CUARTA EDAD','SI','BOOL','NO','NO',null,null,'B',null,null);
Insert into E_PCA (PCA_MUN,PCA_PRO,PCA_COD,PCA_DES,PCA_PLT,PCA_TDA,PCA_TAM,PCA_MAS,PCA_OBL,PCA_NOR,PCA_ROT,PCA_ACTIVO,PCA_DESPLEGABLE,PCA_OCULTO,PCA_BLOQ,PLAZO_AVISO,PERIODO_PLAZO,PCA_GROUP,PCA_POS_X,PCA_POS_Y) values 
	('1','COLVU','ACDESFAVDEPEN','CUIDADO AYUDA A GRUPOS DESFAVORECIDOS Y PERS DEPENDIENTES','6','6','1',null,'0','31','CUIDADO AYUDA A GRUPOS DESFAVORECIDOS Y PERS DEPENDIENTES','SI','BOOL','NO','NO',null,null,'B',null,null);
Insert into E_PCA (PCA_MUN,PCA_PRO,PCA_COD,PCA_DES,PCA_PLT,PCA_TDA,PCA_TAM,PCA_MAS,PCA_OBL,PCA_NOR,PCA_ROT,PCA_ACTIVO,PCA_DESPLEGABLE,PCA_OCULTO,PCA_BLOQ,PLAZO_AVISO,PERIODO_PLAZO,PCA_GROUP,PCA_POS_X,PCA_POS_Y) values 
	('1','COLVU','ACCULEDUCSAL','PROMOCIÓN CULTURA EDUCACIÓN Y SALUD','6','6','1',null,'0','32','PROMOCIÓN CULTURA EDUCACIÓN Y SALUD','SI','BOOL','NO','NO',null,null,'B',null,null);
Insert into E_PCA (PCA_MUN,PCA_PRO,PCA_COD,PCA_DES,PCA_PLT,PCA_TDA,PCA_TAM,PCA_MAS,PCA_OBL,PCA_NOR,PCA_ROT,PCA_ACTIVO,PCA_DESPLEGABLE,PCA_OCULTO,PCA_BLOQ,PLAZO_AVISO,PERIODO_PLAZO,PCA_GROUP,PCA_POS_X,PCA_POS_Y) values 
	('1','COLVU','ACPATRIMONIO','PROMOCIÓN RECUPERACIÓN PATRIMONIO ARTÍSTICO E HISTÓRICO','6','6','1',null,'0','33','PROMOCIÓN RECUPERACIÓN PATRIMONIO ARTÍSTICO E HISTÓRICO','SI','BOOL','NO','NO',null,null,'B',null,null);
Insert into E_PCA (PCA_MUN,PCA_PRO,PCA_COD,PCA_DES,PCA_PLT,PCA_TDA,PCA_TAM,PCA_MAS,PCA_OBL,PCA_NOR,PCA_ROT,PCA_ACTIVO,PCA_DESPLEGABLE,PCA_OCULTO,PCA_BLOQ,PLAZO_AVISO,PERIODO_PLAZO,PCA_GROUP,PCA_POS_X,PCA_POS_Y) values 
	('1','COLVU','ACRECICREUT','RECICLAJE Y REUTILIZACIÓN DE RECURSOS','6','6','1',null,'0','34','RECICLAJE Y REUTILIZACIÓN DE RECURSOS','SI','BOOL','NO','NO',null,null,'B',null,null);
Insert into E_PCA (PCA_MUN,PCA_PRO,PCA_COD,PCA_DES,PCA_PLT,PCA_TDA,PCA_TAM,PCA_MAS,PCA_OBL,PCA_NOR,PCA_ROT,PCA_ACTIVO,PCA_DESPLEGABLE,PCA_OCULTO,PCA_BLOQ,PLAZO_AVISO,PERIODO_PLAZO,PCA_GROUP,PCA_POS_X,PCA_POS_Y) values 
	('1','COLVU','ACEFIENERGIA','EFICIENCIA ENERGÉTICA Y ENERGÍAS RENOVABLES ','6','6','1',null,'0','35','EFICIENCIA ENERGÉTICA Y ENERGÍAS RENOVABLES','SI','BOOL','NO','NO',null,null,'B',null,null);
Insert into E_PCA (PCA_MUN,PCA_PRO,PCA_COD,PCA_DES,PCA_PLT,PCA_TDA,PCA_TAM,PCA_MAS,PCA_OBL,PCA_NOR,PCA_ROT,PCA_ACTIVO,PCA_DESPLEGABLE,PCA_OCULTO,PCA_BLOQ,PLAZO_AVISO,PERIODO_PLAZO,PCA_GROUP,PCA_POS_X,PCA_POS_Y) values 
	('1','COLVU','ACMANTESPPUBL','MANTENIMIENTO DE ESPACIOS PÚBLICOS','6','6','1',null,'0','36','MANTENIMIENTO DE ESPACIOS PÚBLICOS','SI','BOOL','NO','NO',null,null,'B',null,null);
Insert into E_PCA (PCA_MUN,PCA_PRO,PCA_COD,PCA_DES,PCA_PLT,PCA_TDA,PCA_TAM,PCA_MAS,PCA_OBL,PCA_NOR,PCA_ROT,PCA_ACTIVO,PCA_DESPLEGABLE,PCA_OCULTO,PCA_BLOQ,PLAZO_AVISO,PERIODO_PLAZO,PCA_GROUP,PCA_POS_X,PCA_POS_Y) values 
	('1','COLVU','ACTURISMO','ACTIVIDADES TURISMO TIEMPO LIBRE Y DEPORTE','6','6','1',null,'0','37','ACTIVIDADES TURISMO TIEMPO LIBRE Y DEPORTE','SI','BOOL','NO','NO',null,null,'B',null,null);
Insert into E_PCA (PCA_MUN,PCA_PRO,PCA_COD,PCA_DES,PCA_PLT,PCA_TDA,PCA_TAM,PCA_MAS,PCA_OBL,PCA_NOR,PCA_ROT,PCA_ACTIVO,PCA_DESPLEGABLE,PCA_OCULTO,PCA_BLOQ,PLAZO_AVISO,PERIODO_PLAZO,PCA_GROUP,PCA_POS_X,PCA_POS_Y) values 
	('1','COLVU','ACCONSNATUR','CONSERVACIÓN DE LA NATURALEZA','6','6','1',null,'0','38','CONSERVACIÓN DE LA NATURALEZA','SI','BOOL','NO','NO',null,null,'B',null,null);
Insert into E_PCA (PCA_MUN,PCA_PRO,PCA_COD,PCA_DES,PCA_PLT,PCA_TDA,PCA_TAM,PCA_MAS,PCA_OBL,PCA_NOR,PCA_ROT,PCA_ACTIVO,PCA_DESPLEGABLE,PCA_OCULTO,PCA_BLOQ,PLAZO_AVISO,PERIODO_PLAZO,PCA_GROUP,PCA_POS_X,PCA_POS_Y) values 
	('1','COLVU','ACBRECHADIGIT','ELIMINACIÓN DE LA BRECHA DIGITAL','6','6','1',null,'0','39','ELIMINACIÓN DE LA BRECHA DIGITAL','SI','BOOL','NO','NO',null,null,'B',null,null);
Insert into E_PCA (PCA_MUN,PCA_PRO,PCA_COD,PCA_DES,PCA_PLT,PCA_TDA,PCA_TAM,PCA_MAS,PCA_OBL,PCA_NOR,PCA_ROT,PCA_ACTIVO,PCA_DESPLEGABLE,PCA_OCULTO,PCA_BLOQ,PLAZO_AVISO,PERIODO_PLAZO,PCA_GROUP,PCA_POS_X,PCA_POS_Y) values 
	('1','COLVU','ACRECCANTERAS','RECUPERACIÓN DE CANTERAS ','6','6','1',null,'0','40','RECUPERACIÓN DE CANTERAS ','SI','BOOL','NO','NO',null,null,'B',null,null);
Insert into E_PCA (PCA_MUN,PCA_PRO,PCA_COD,PCA_DES,PCA_PLT,PCA_TDA,PCA_TAM,PCA_MAS,PCA_OBL,PCA_NOR,PCA_ROT,PCA_ACTIVO,PCA_DESPLEGABLE,PCA_OCULTO,PCA_BLOQ,PLAZO_AVISO,PERIODO_PLAZO,PCA_GROUP,PCA_POS_X,PCA_POS_Y) values 
	('1','COLVU','ACRECAVEHICELEC','INSTALACIÓN MANTENIMIENTO REDES RECARGA VEHÍCULOS ELÉCTRICOS','6','6','1',null,'0','41','INSTALACIÓN MANTENIMIENTO REDES RECARGA VEHÍCULOS ELÉCTRICOS','SI','BOOL','NO','NO',null,null,'B',null,null);
Insert into E_PCA (PCA_MUN,PCA_PRO,PCA_COD,PCA_DES,PCA_PLT,PCA_TDA,PCA_TAM,PCA_MAS,PCA_OBL,PCA_NOR,PCA_ROT,PCA_ACTIVO,PCA_DESPLEGABLE,PCA_OCULTO,PCA_BLOQ,PLAZO_AVISO,PERIODO_PLAZO,PCA_GROUP,PCA_POS_X,PCA_POS_Y) values 
	('1','COLVU','ACNUEVANORMEEDIF','REHABILITACIÓN ADAPT NUEVA NORMATIVA ENERGÉTICA EDIFICIOS','6','6','1',null,'0','42','REHABILITACIÓN ADAPT NUEVA NORMATIVA ENERGÉTICA EDIFICIOS','SI','BOOL','NO','NO',null,null,'B',null,null);
Insert into E_PCA (PCA_MUN,PCA_PRO,PCA_COD,PCA_DES,PCA_PLT,PCA_TDA,PCA_TAM,PCA_MAS,PCA_OBL,PCA_NOR,PCA_ROT,PCA_ACTIVO,PCA_DESPLEGABLE,PCA_OCULTO,PCA_BLOQ,PLAZO_AVISO,PERIODO_PLAZO,PCA_GROUP,PCA_POS_X,PCA_POS_Y) values 
	('1','COLVU','ACMOVSOST','MOVILIDAD SOSTENIBLE','6','6','1',null,'0','43','MOVILIDAD SOSTENIBLE','SI','BOOL','NO','NO',null,null,'B',null,null);
Insert into E_PCA (PCA_MUN,PCA_PRO,PCA_COD,PCA_DES,PCA_PLT,PCA_TDA,PCA_TAM,PCA_MAS,PCA_OBL,PCA_NOR,PCA_ROT,PCA_ACTIVO,PCA_DESPLEGABLE,PCA_OCULTO,PCA_BLOQ,PLAZO_AVISO,PERIODO_PLAZO,PCA_GROUP,PCA_POS_X,PCA_POS_Y) values 
	('1','COLVU','ACSOCDESACOM','ACTIVIDADES SOCIOCULTURALES Y DE DESARROLLO COMUNITARIO','6','6','1',null,'0','44','ACTIVIDADES SOCIOCULTURALES Y DE DESARROLLO COMUNITARIO','SI','BOOL','NO','NO',null,null,'B',null,null);
Insert into E_PCA (PCA_MUN,PCA_PRO,PCA_COD,PCA_DES,PCA_PLT,PCA_TDA,PCA_TAM,PCA_MAS,PCA_OBL,PCA_NOR,PCA_ROT,PCA_ACTIVO,PCA_DESPLEGABLE,PCA_OCULTO,PCA_BLOQ,PLAZO_AVISO,PERIODO_PLAZO,PCA_GROUP,PCA_POS_X,PCA_POS_Y) values 
	('1','COLVU','ACOTRA','OTRA ACTIVIDAD UTILIDAD PÚBLICA O INTERÉS GENERAL Y SOCIAL ','6','6','1',null,'0','45','OTRA ACTIVIDAD UTILIDAD PÚBLICA O INTERÉS GENERAL Y SOCIAL ','SI','BOOL','NO','NO',null,null,'B',null,null);

----------------------------------------------
-- TIPO INSTALACION
----------------------------------------------

Insert into E_DES (DES_COD,DES_NOM) values ('TINS','TIPO INSTALACIÓN');

Insert into E_DES_VAL (DES_COD,DES_VAL_COD,DES_NOM,DES_VAL_ESTADO) values ('TINS','F','FORMACIÓN|PRESTAKUNTZA','A');
Insert into E_DES_VAL (DES_COD,DES_VAL_COD,DES_NOM,DES_VAL_ESTADO) values ('TINS','O','ORIENTACIÓN|ORIENTAZIOA','A');
