--DESPLEGABLES
select * from e_des where des_cod='ENPR';
select * from e_des_val where des_cod='ENPR';
insert into e_des (des_cod,des_nom) values ('ENPR','ENTIDAD COLABORADORA O PRÓRROGA');
insert into e_des_val (des_cod,des_val_cod,des_nom,des_val_estado) values ('ENPR','E','ENTIDAD COLABORADORA|ERAKUNDE LAGUNTZAILE','A');
insert into e_des_val (des_cod,des_val_cod,des_nom,des_val_estado) values ('ENPR','P','PRÓRROGA|LUZAPENA','A');

select * from e_des where des_cod='CODI';
select * from e_des_val where des_cod='CODI';
insert into e_des (des_cod,des_nom) values ('CODI','COMPROBACIÓN DE LA DISPONIBILIDAD');
insert into e_des_val (des_cod,des_val_cod,des_nom,des_val_estado) values ('CODI','E','A REALIZAR POR LA ENTIDAD|ERAKUNDEAK EGIN BEHARREKOA','A');
insert into e_des_val (des_cod,des_val_cod,des_nom,des_val_estado) values ('CODI','L','A REALIZAR POR LANBIDE|LANBIDEK EGIN BEHARREKOA','A');


--SUPLEMENTARIOS
select * from e_pca_group where pca_pro='GO';
Insert into E_PCA_GROUP (PCA_ID_GROUP,PCA_DESC_GROUP,PCA_ORDER_GROUP,PCA_PRO,PCA_ACTIVE) values ('DAN','DATOS DE AVISO/NOTIFICACION TELEMATICA','1','GO','SI');
Insert into E_PCA_GROUP (PCA_ID_GROUP,PCA_DESC_GROUP,PCA_ORDER_GROUP,PCA_PRO,PCA_ACTIVE) values ('TISOL','TIPO SOLICITUD','2','GO','SI');
Insert into E_PCA_GROUP (PCA_ID_GROUP,PCA_DESC_GROUP,PCA_ORDER_GROUP,PCA_PRO,PCA_ACTIVE) values ('ENSOL','DATOS IDENTIFICACIÓN ENTIDAD SOLICITANTE','3','GO','SI');
Insert into E_PCA_GROUP (PCA_ID_GROUP,PCA_DESC_GROUP,PCA_ORDER_GROUP,PCA_PRO,PCA_ACTIVE) values ('REPRE','DATOS REPRESENTANTE LEGAL','4','GO','SI');
Insert into E_PCA_GROUP (PCA_ID_GROUP,PCA_DESC_GROUP,PCA_ORDER_GROUP,PCA_PRO,PCA_ACTIVE) values ('CRDIS','COMPROBACION DISPONIBILIDAD','5','GO','SI');

select * from e_pca where pca_pro='GO';
update e_pca set pca_nor=23,pca_pos_x='1',pca_pos_y='1' where pca_pro='GO' and pca_cod='TIPRESOL';

Insert into E_PCA (PCA_MUN,PCA_PRO,PCA_COD,PCA_DES,PCA_PLT,PCA_TDA,PCA_TAM,PCA_OBL,PCA_NOR,PCA_ROT,PCA_ACTIVO,PCA_OCULTO,PCA_BLOQ,PCA_GROUP,PCA_POS_X,PCA_POS_Y) 
values ('1','GO','AVISOIDCTAINTETIT','ID CUENTA INTERESADO | TITULAR ','1','2','50','0','1','ID CUENTA INTERESADO | TITULAR ','SI','NO','SI','DAN','13,008849382400513','13,11505126953125');
Insert into E_PCA (PCA_MUN,PCA_PRO,PCA_COD,PCA_DES,PCA_PLT,PCA_TDA,PCA_TAM,PCA_OBL,PCA_NOR,PCA_ROT,PCA_ACTIVO,PCA_OCULTO,PCA_BLOQ,PCA_GROUP,PCA_POS_X,PCA_POS_Y) 
values ('1','GO','AVISOEMAILTIT','AVISO POR EMAIL | TITULAR','1','2','60','0','2','AVISO POR EMAIL | TITULAR','SI','NO','SI','DAN','12,013274431228638','84,10618591308594');
Insert into E_PCA (PCA_MUN,PCA_PRO,PCA_COD,PCA_DES,PCA_PLT,PCA_TDA,PCA_TAM,PCA_OBL,PCA_NOR,PCA_ROT,PCA_ACTIVO,PCA_OCULTO,PCA_BLOQ,PCA_GROUP,PCA_POS_X,PCA_POS_Y) 
values ('1','GO','AVISOSMSTIT','AVISO POR SMS | TITULAR','1','2','50','0','3','AVISO POR SMS | TITULAR','SI','NO','SI','DAN','13,008849382400513','223,1150360107422');
Insert into E_PCA (PCA_MUN,PCA_PRO,PCA_COD,PCA_DES,PCA_PLT,PCA_TDA,PCA_TAM,PCA_OBL,PCA_NOR,PCA_ROT,PCA_ACTIVO,PCA_OCULTO,PCA_BLOQ,PCA_GROUP,PCA_POS_X,PCA_POS_Y) 
values ('1','GO','AVISOIDCTAINTE','ID CUENTA INTERESADO | REPRESENTANTE ','1','2','50','0','4','ID CUENTA INTERESADO | REPRESENTANTE ','SI','NO','SI','DAN','524,0044529438019','13,11505126953125');
Insert into E_PCA (PCA_MUN,PCA_PRO,PCA_COD,PCA_DES,PCA_PLT,PCA_TDA,PCA_TAM,PCA_OBL,PCA_NOR,PCA_ROT,PCA_ACTIVO,PCA_OCULTO,PCA_BLOQ,PCA_GROUP,PCA_POS_X,PCA_POS_Y) 
values ('1','GO','AVISOEMAIL','AVISO POR EMAIL | REPRESENTANTE','1','2','60','0','5','AVISO POR EMAIL | REPRESENTANTE','SI','NO','SI','DAN','14,017699480056763','150,1194610595703');
Insert into E_PCA (PCA_MUN,PCA_PRO,PCA_COD,PCA_DES,PCA_PLT,PCA_TDA,PCA_TAM,PCA_OBL,PCA_NOR,PCA_ROT,PCA_ACTIVO,PCA_OCULTO,PCA_BLOQ,PCA_GROUP,PCA_POS_X,PCA_POS_Y) 
values ('1','GO','AVISOSMS','AVISO POR SMS | REPRESENTANTE','1','2','50','0','6','AVISO POR SMS | REPRESENTANTE','SI','NO','SI','DAN','524,0044529438019','223,1150360107422');
Insert into E_PCA (PCA_MUN,PCA_PRO,PCA_COD,PCA_DES,PCA_PLT,PCA_TDA,PCA_TAM,PCA_OBL,PCA_NOR,PCA_ROT,PCA_ACTIVO,PCA_OCULTO,PCA_BLOQ,PCA_GROUP,PCA_POS_X,PCA_POS_Y) 
values ('1','GO','IDIOMAAVISOSTIT','AVISO - IDIOMA | TITULAR','1','2','30','0','7','AVISO - IDIOMA | TITULAR','SI','NO','SI','DAN','15,995575189590454','305,85398864746094');
Insert into E_PCA (PCA_MUN,PCA_PRO,PCA_COD,PCA_DES,PCA_PLT,PCA_TDA,PCA_TAM,PCA_OBL,PCA_NOR,PCA_ROT,PCA_ACTIVO,PCA_OCULTO,PCA_BLOQ,PCA_GROUP,PCA_POS_X,PCA_POS_Y) 
values ('1','GO','IDIOMAAVISOS','AVISO - IDIOMA | REPRESENTANTE','1','2','30','0','8','AVISO - IDIOMA | REPRESENTANTE','SI','NO','SI','DAN','525,9956028461456','306,1194610595703');

Insert into E_PCA (PCA_MUN,PCA_PRO,PCA_COD,PCA_DES,PCA_PLT,PCA_TDA,PCA_TAM,PCA_OBL,PCA_NOR,PCA_ROT,PCA_ACTIVO,PCA_OCULTO,PCA_BLOQ,PCA_GROUP,PCA_POS_X,PCA_POS_Y) 
values ('1','GO','OBSOLTELEM','OBSERVACIONES SOLICITUD TELEMÁTICA','3','4','3000','0','9','OBSERVACIONES SOLICITUD TELEMÁTICA','SI','NO','NO','DEF','1','1');

Insert into E_PCA (PCA_MUN,PCA_PRO,PCA_COD,PCA_DES,PCA_PLT,PCA_TDA,PCA_TAM,PCA_OBL,PCA_NOR,PCA_ROT,PCA_ACTIVO,PCA_DESPLEGABLE,PCA_OCULTO,PCA_BLOQ,PCA_GROUP,PCA_POS_X,PCA_POS_Y) 
values ('1','GO','TIPSOL','ENTIDAD COLABORADORA O PRÓRROGA','6','6','12','0','10','ENTIDAD COLABORADORA O PRÓRROGA','SI','ENPR','NO','NO','TISOL','1','1');

Insert into E_PCA (PCA_MUN,PCA_PRO,PCA_COD,PCA_DES,PCA_PLT,PCA_TDA,PCA_TAM,PCA_OBL,PCA_NOR,PCA_ROT,PCA_ACTIVO,PCA_DESPLEGABLE,PCA_OCULTO,PCA_BLOQ,PCA_GROUP,PCA_POS_X,PCA_POS_Y) 
values ('1','GO','CENTRO','CENTRO PÚBLICO DE FORMACIÓN O UNIVERSIDAD PÚBLICA','6','6','12','0','11','CENTRO PÚBLICO DE FORMACIÓN O UNIVERSIDAD PÚBLICA','SI','BOOL','NO','NO','ENSOL','1','1');

Insert into E_PCA (PCA_MUN,PCA_PRO,PCA_COD,PCA_DES,PCA_PLT,PCA_TDA,PCA_TAM,PCA_OBL,PCA_NOR,PCA_ROT,PCA_ACTIVO,PCA_DESPLEGABLE,PCA_OCULTO,PCA_BLOQ,PCA_GROUP,PCA_POS_X,PCA_POS_Y) 
values ('1','GO','AGENCIA','AGENCIA DE COLOCACIÓN','6','6','12','0','12','AGENCIA DE COLOCACIÓN','SI','BOOL','NO','NO','ENSOL','1','1');

Insert into E_PCA (PCA_MUN,PCA_PRO,PCA_COD,PCA_DES,PCA_PLT,PCA_TDA,PCA_TAM,PCA_OBL,PCA_NOR,PCA_ROT,PCA_ACTIVO,PCA_OCULTO,PCA_BLOQ,PCA_GROUP,PCA_POS_X,PCA_POS_Y) 
values ('1','GO','NUMAGENCIA','NÚMERO DE AGENCIA','1','2','40','0','13','NÚMERO DE AGENCIA','SI','NO','SI','ENSOL','1','1');

Insert into E_PCA (PCA_MUN,PCA_PRO,PCA_COD,PCA_DES,PCA_PLT,PCA_TDA,PCA_TAM,PCA_OBL,PCA_NOR,PCA_ROT,PCA_ACTIVO,PCA_DESPLEGABLE,PCA_OCULTO,PCA_BLOQ,PCA_GROUP,PCA_POS_X,PCA_POS_Y) 
values ('1','GO','TIPOAGENCIAA','TIPO DE AGENCIA A','6','6','12','0','14','TIPO DE AGENCIA A','SI','SINO','NO','NO','ENSOL','1','1');
Insert into E_PCA (PCA_MUN,PCA_PRO,PCA_COD,PCA_DES,PCA_PLT,PCA_TDA,PCA_TAM,PCA_OBL,PCA_NOR,PCA_ROT,PCA_ACTIVO,PCA_DESPLEGABLE,PCA_OCULTO,PCA_BLOQ,PCA_GROUP,PCA_POS_X,PCA_POS_Y) 
values ('1','GO','TIPOAGENCIAB','TIPO DE AGENCIA B','6','6','12','0','15','TIPO DE AGENCIA B','SI','SINO','NO','NO','ENSOL','1','1');
Insert into E_PCA (PCA_MUN,PCA_PRO,PCA_COD,PCA_DES,PCA_PLT,PCA_TDA,PCA_TAM,PCA_OBL,PCA_NOR,PCA_ROT,PCA_ACTIVO,PCA_DESPLEGABLE,PCA_OCULTO,PCA_BLOQ,PCA_GROUP,PCA_POS_X,PCA_POS_Y) 
values ('1','GO','TIPOAGENCIAC','TIPO DE AGENCIA C','6','6','12','0','16','TIPO DE AGENCIA C','SI','SINO','NO','NO','ENSOL','1','1');
Insert into E_PCA (PCA_MUN,PCA_PRO,PCA_COD,PCA_DES,PCA_PLT,PCA_TDA,PCA_TAM,PCA_OBL,PCA_NOR,PCA_ROT,PCA_ACTIVO,PCA_DESPLEGABLE,PCA_OCULTO,PCA_BLOQ,PCA_GROUP,PCA_POS_X,PCA_POS_Y) 
values ('1','GO','TIPOAGENCIAD','TIPO DE AGENCIA D','6','6','12','0','17','TIPO DE AGENCIA D','SI','SINO','NO','NO','ENSOL','1','1');
Insert into E_PCA (PCA_MUN,PCA_PRO,PCA_COD,PCA_DES,PCA_PLT,PCA_TDA,PCA_TAM,PCA_OBL,PCA_NOR,PCA_ROT,PCA_ACTIVO,PCA_DESPLEGABLE,PCA_OCULTO,PCA_BLOQ,PCA_GROUP,PCA_POS_X,PCA_POS_Y) 
values ('1','GO','TIPOAGENCIAE','TIPO DE AGENCIA E','6','6','12','0','18','TIPO DE AGENCIA E','SI','SINO','NO','NO','ENSOL','1','1');
Insert into E_PCA (PCA_MUN,PCA_PRO,PCA_COD,PCA_DES,PCA_PLT,PCA_TDA,PCA_TAM,PCA_OBL,PCA_NOR,PCA_ROT,PCA_ACTIVO,PCA_DESPLEGABLE,PCA_OCULTO,PCA_BLOQ,PCA_GROUP,PCA_POS_X,PCA_POS_Y) 
values ('1','GO','TIPOAGENCIAF','TIPO DE AGENCIA F','6','6','12','0','19','TIPO DE AGENCIA F','SI','SINO','NO','NO','ENSOL','1','1');

Insert into E_PCA (PCA_MUN,PCA_PRO,PCA_COD,PCA_DES,PCA_PLT,PCA_TDA,PCA_TAM,PCA_OBL,PCA_NOR,PCA_ROT,PCA_ACTIVO,PCA_OCULTO,PCA_BLOQ,PCA_GROUP,PCA_POS_X,PCA_POS_Y) 
values ('1','GO','CODCENLANB','CÓDIGO CENTRO LANBIDE','1','2','40','0','20','CÓDIGO CENTRO LANBIDE','SI','NO','SI','ENSOL','1','1');

Insert into E_PCA (PCA_MUN,PCA_PRO,PCA_COD,PCA_DES,PCA_PLT,PCA_TDA,PCA_TAM,PCA_OBL,PCA_NOR,PCA_ROT,PCA_ACTIVO,PCA_OCULTO,PCA_BLOQ,PCA_GROUP,PCA_POS_X,PCA_POS_Y) 
values ('1','GO','RPCARGO','CARGO','1','2','150','0','21','CARGO','SI','NO','SI','REPRE','1','1');

Insert into E_PCA (PCA_MUN,PCA_PRO,PCA_COD,PCA_DES,PCA_PLT,PCA_TDA,PCA_TAM,PCA_OBL,PCA_NOR,PCA_ROT,PCA_ACTIVO,PCA_DESPLEGABLE,PCA_OCULTO,PCA_BLOQ,PCA_GROUP,PCA_POS_X,PCA_POS_Y) 
values ('1','GO','COMPRDISP','COMPROBACIÓN DE LA DISPONIBILIDAD','6','6','12','0','22','COMPROBACIÓN DE LA DISPONIBILIDAD','SI','CODI','NO','NO','CRDIS','1','1');


--TABLA SEGÚN MAPEO 'Mapeo campos - GO - V1.xlsx'
CREATE SEQUENCE  SEQ_MELANBIDE89_ACCESOS  MINVALUE 0 MAXVALUE 99999999 INCREMENT BY 1 START WITH 1 NOCACHE  NOORDER  NOCYCLE;

CREATE TABLE "FLB"."MELANBIDE89_ACCESOS" 
   (	"ID" NUMBER(8,0) NOT NULL ENABLE, 
	"NUM_EXP" VARCHAR2(20 BYTE), 
	"NOMBRE" VARCHAR2(100 BYTE), 
	"APELLIDO1" VARCHAR2(50 BYTE), 
	"APELLIDO2" VARCHAR2(50 BYTE),
	"DNINIE" VARCHAR2(15 BYTE),
	 CONSTRAINT "MELANBIDE89_ACCESOS_PK" PRIMARY KEY ("ID")
  USING INDEX PCTFREE 10 INITRANS 2 MAXTRANS 255 COMPUTE STATISTICS 
  STORAGE(INITIAL 65536 NEXT 1048576 MINEXTENTS 1 MAXEXTENTS 2147483645
  PCTINCREASE 0 FREELISTS 1 FREELIST GROUPS 1
  BUFFER_POOL DEFAULT FLASH_CACHE DEFAULT CELL_FLASH_CACHE DEFAULT)
  TABLESPACE "FLB_DBS1"  ENABLE
   ) SEGMENT CREATION IMMEDIATE 
  PCTFREE 10 PCTUSED 40 INITRANS 1 MAXTRANS 255 
 NOCOMPRESS LOGGING
  STORAGE(INITIAL 65536 NEXT 1048576 MINEXTENTS 1 MAXEXTENTS 2147483645
  PCTINCREASE 0 FREELISTS 1 FREELIST GROUPS 1
  BUFFER_POOL DEFAULT FLASH_CACHE DEFAULT CELL_FLASH_CACHE DEFAULT)
  TABLESPACE "FLB_DBS1" ;


